1521010621.634997 "[24.25, 23.75, 24.25, 23.75, 24.0, 24.0, 24.25, 24.5, 24.0, 23.75, 24.0, 23.75, 23.5, 24.25, 24.75, 24.25, 24.5, 22.75, 24.0, 20.25, 23.75, 28.75, 24.0, 21.25, 24.25, 24.25, 23.75, 24.0, 24.25, 24.5, 23.75, 24.5, 24.25, 24.5, 24.5, 24.25, 24.25, 24.25, 24.25, 24.75, 24.5, 24.75, 24.5, 24.75, 24.25, 24.25, 24.75, 25.25, 24.5, 25.0, 25.5, 25.5, 25.0, 25.25, 25.0, 25.25, 25.25, 25.75, 25.25, 25.25, 25.25, 25.75, 25.25, 25.5]"
1521010621.675332 "[24.25, 23.75, 24.25, 23.75, 24.0, 24.0, 24.25, 24.5, 24.0, 23.75, 24.0, 23.75, 23.5, 24.25, 24.75, 24.25, 24.5, 22.75, 24.0, 20.25, 23.75, 28.75, 24.0, 21.25, 24.25, 24.25, 23.75, 24.0, 24.25, 24.5, 23.75, 24.5, 24.25, 24.5, 24.5, 24.25, 24.25, 24.25, 24.25, 24.75, 24.5, 24.75, 24.5, 24.75, 24.25, 24.25, 24.75, 25.25, 24.5, 25.0, 25.5, 25.5, 25.0, 24.75, 24.75, 25.25, 25.25, 25.25, 25.75, 25.5, 26.25, 26.0, 25.5, 25.75]"
1521010621.717297 "[24.0, 23.5, 24.5, 24.5, 23.75, 23.5, 24.25, 24.75, 23.75, 23.75, 24.0, 24.25, 23.75, 24.25, 24.25, 23.75, 24.75, 24.25, 24.0, 24.25, 23.75, 24.25, 24.25, 24.25, 24.25, 23.75, 24.0, 24.0, 24.5, 24.25, 24.25, 24.5, 24.75, 24.5, 24.5, 24.75, 24.25, 24.0, 24.5, 24.75, 24.5, 24.5, 24.75, 24.75, 24.5, 25.0, 25.0, 24.25, 25.25, 25.0, 24.75, 25.25, 25.0, 24.75, 24.75, 25.25, 25.25, 25.25, 25.75, 25.5, 26.25, 26.0, 25.5, 25.75]"
1521010621.759153 "[24.0, 23.5, 24.5, 24.5, 23.75, 23.5, 24.25, 24.75, 23.75, 23.75, 24.0, 24.25, 23.75, 24.25, 24.25, 23.75, 24.75, 24.25, 24.0, 24.25, 23.75, 24.25, 24.25, 24.25, 24.25, 23.75, 24.0, 24.0, 24.5, 24.25, 24.25, 24.5, 24.75, 24.5, 24.5, 24.75, 24.25, 24.0, 24.5, 24.75, 24.5, 24.5, 24.75, 24.75, 24.5, 25.0, 25.0, 24.25, 25.25, 25.0, 24.75, 25.25, 25.0, 24.75, 24.75, 25.25, 25.25, 25.25, 25.75, 25.5, 26.25, 26.0, 25.5, 25.75]"
1521010621.801497 "[24.0, 23.5, 24.5, 24.5, 23.75, 23.5, 24.25, 24.75, 23.75, 23.75, 24.0, 24.25, 23.75, 24.25, 24.25, 23.75, 24.75, 24.25, 24.0, 23.75, 24.25, 23.5, 23.75, 24.25, 24.25, 23.75, 24.0, 24.0, 24.0, 24.0, 24.0, 24.25, 24.5, 24.5, 24.25, 24.5, 24.25, 24.0, 24.5, 24.75, 24.5, 24.25, 24.5, 24.5, 24.5, 24.5, 25.0, 24.5, 25.25, 24.5, 25.25, 25.25, 24.5, 25.0, 24.5, 25.0, 25.25, 25.25, 25.25, 25.0, 25.25, 25.25, 25.5, 26.5]"
1521010621.843453 "[24.0, 24.0, 24.0, 23.75, 24.25, 23.5, 24.0, 24.5, 24.0, 23.25, 24.0, 24.0, 23.5, 24.25, 24.25, 23.5, 24.25, 24.0, 24.0, 23.75, 24.25, 23.5, 23.75, 24.25, 24.25, 23.75, 24.0, 24.0, 24.0, 24.0, 24.0, 24.25, 24.5, 24.5, 24.25, 24.5, 24.25, 24.0, 24.5, 24.75, 24.5, 24.25, 24.5, 24.5, 24.5, 24.5, 25.0, 24.5, 25.25, 24.5, 25.25, 25.25, 24.5, 25.0, 24.5, 25.0, 25.25, 25.25, 25.25, 25.0, 25.25, 25.25, 25.5, 26.5]"
1521010621.886303 "[24.0, 24.0, 24.0, 23.75, 24.25, 23.5, 24.0, 24.5, 24.0, 23.25, 24.0, 24.0, 23.5, 24.25, 24.25, 23.5, 24.25, 24.0, 24.0, 23.75, 24.25, 23.5, 23.75, 24.25, 24.25, 23.75, 24.0, 24.0, 24.0, 24.0, 24.0, 24.25, 24.5, 24.5, 24.25, 24.5, 24.25, 24.0, 24.5, 24.75, 24.5, 24.25, 24.5, 24.5, 24.5, 24.5, 25.5, 25.25, 24.75, 24.75, 25.0, 25.0, 25.0, 24.75, 25.0, 25.5, 26.0, 25.75, 25.25, 25.25, 25.75, 25.5, 25.25, 26.25]"
1521010621.929496 "[23.5, 24.25, 24.5, 24.25, 23.75, 23.75, 24.5, 24.5, 23.75, 24.25, 23.75, 23.75, 23.5, 24.0, 23.75, 23.5, 24.0, 24.25, 24.5, 24.25, 23.75, 24.0, 24.25, 24.5, 24.0, 24.25, 24.0, 24.0, 24.5, 24.5, 24.5, 24.25, 24.5, 24.5, 24.5, 24.5, 24.25, 24.0, 24.25, 24.75, 24.5, 24.5, 24.5, 24.5, 24.0, 24.5, 25.5, 25.25, 24.75, 24.75, 25.0, 25.0, 25.0, 24.75, 25.0, 25.5, 26.0, 25.75, 25.25, 25.25, 25.75, 25.5, 25.25, 26.25]"
1521010621.971348 "[23.5, 24.25, 24.5, 24.25, 23.75, 23.75, 24.5, 24.5, 23.75, 24.25, 23.75, 23.75, 23.5, 24.0, 23.75, 23.5, 24.0, 24.25, 24.5, 24.25, 23.75, 24.0, 24.25, 24.5, 24.0, 24.25, 24.0, 24.0, 24.5, 24.5, 24.5, 24.25, 24.5, 24.5, 24.5, 24.5, 24.25, 24.0, 24.25, 24.75, 24.5, 24.5, 24.5, 24.5, 24.0, 24.5, 25.5, 25.25, 24.75, 24.75, 25.0, 25.0, 25.0, 24.75, 25.0, 25.5, 26.0, 25.75, 25.25, 25.25, 25.75, 25.5, 25.25, 26.25]"
1521010622.013144 "[23.5, 24.25, 24.5, 24.25, 23.75, 23.75, 24.5, 24.5, 23.75, 24.25, 24.0, 24.25, 23.25, 24.25, 24.25, 23.75, 24.5, 24.0, 24.25, 24.5, 24.0, 24.25, 24.0, 24.75, 23.75, 24.25, 24.25, 24.0, 24.75, 24.5, 24.25, 24.75, 25.0, 24.5, 24.75, 24.0, 24.25, 24.75, 24.0, 24.75, 24.75, 24.25, 24.75, 24.5, 24.25, 24.25, 24.75, 25.0, 25.25, 24.5, 25.0, 25.0, 24.75, 24.75, 24.75, 25.0, 26.0, 26.0, 25.5, 25.0, 25.5, 25.5, 25.5, 25.75]"
1521010622.056478 "[23.75, 24.0, 24.5, 23.75, 24.0, 23.5, 24.25, 24.25, 24.0, 23.75, 24.0, 24.25, 23.25, 24.25, 24.25, 23.75, 24.5, 24.0, 24.25, 24.5, 24.0, 24.25, 24.0, 24.75, 23.75, 24.25, 24.25, 24.0, 24.75, 24.5, 24.25, 24.75, 25.0, 24.5, 24.75, 24.0, 24.25, 24.75, 24.0, 24.75, 24.75, 24.25, 24.75, 24.5, 24.25, 24.25, 24.75, 25.0, 25.25, 24.5, 25.0, 25.0, 24.75, 24.75, 24.75, 25.0, 26.0, 26.0, 25.5, 25.0, 25.5, 25.5, 25.5, 25.75]"
1521010622.098718 "[23.75, 24.0, 24.5, 23.75, 24.0, 23.5, 24.25, 24.25, 24.0, 23.75, 24.0, 24.25, 23.25, 24.25, 24.25, 23.75, 24.5, 24.0, 24.25, 24.5, 24.0, 24.25, 24.0, 24.75, 23.75, 24.25, 24.25, 24.0, 24.75, 24.5, 24.25, 24.75, 25.0, 24.5, 24.75, 24.75, 24.25, 24.25, 24.25, 25.0, 24.0, 24.5, 24.5, 24.5, 24.75, 24.25, 24.75, 24.75, 24.75, 25.25, 25.25, 25.25, 24.75, 25.0, 24.75, 25.0, 25.5, 25.75, 25.25, 25.25, 25.75, 26.0, 25.75, 26.0]"
1521010622.140858 "[24.0, 23.75, 24.25, 24.5, 24.25, 24.0, 24.25, 24.5, 23.5, 23.75, 24.0, 23.5, 23.5, 24.75, 23.75, 24.0, 24.5, 24.25, 24.5, 24.25, 23.75, 24.0, 24.0, 24.5, 24.25, 24.0, 23.75, 23.75, 24.25, 24.25, 24.25, 24.0, 24.75, 24.5, 24.5, 24.75, 24.25, 24.25, 24.25, 25.0, 24.0, 24.5, 24.5, 24.5, 24.75, 24.25, 24.75, 24.75, 24.75, 25.25, 25.25, 25.25, 24.75, 25.0, 24.75, 25.0, 25.5, 25.75, 25.25, 25.25, 25.75, 26.0, 25.75, 26.0]"
1521010622.18326 "[24.0, 23.75, 24.25, 24.5, 24.25, 24.0, 24.25, 24.5, 23.5, 23.75, 24.0, 23.5, 23.5, 24.75, 23.75, 24.0, 24.5, 24.25, 24.5, 24.25, 23.75, 24.0, 24.0, 24.5, 24.25, 24.0, 23.75, 23.75, 24.25, 24.25, 24.25, 24.0, 24.75, 24.5, 24.5, 24.75, 24.25, 24.25, 24.25, 25.0, 24.0, 24.5, 24.5, 24.5, 24.75, 24.25, 24.75, 24.75, 24.75, 25.25, 25.25, 25.25, 24.75, 25.0, 24.75, 25.0, 25.5, 25.75, 25.25, 25.25, 25.75, 26.0, 25.75, 26.0]"
1521010622.224977 "[24.0, 23.75, 24.5, 24.25, 24.25, 23.75, 24.75, 24.75, 24.25, 23.75, 24.0, 24.25, 23.5, 24.75, 24.0, 24.25, 24.25, 24.0, 24.25, 24.25, 24.25, 23.75, 24.0, 24.5, 24.5, 24.0, 24.0, 23.75, 24.25, 24.0, 24.5, 24.5, 24.25, 24.75, 24.5, 24.75, 24.25, 24.25, 24.0, 24.75, 24.75, 24.25, 24.5, 25.0, 24.25, 24.5, 24.75, 24.75, 24.5, 25.0, 25.5, 25.0, 24.25, 24.75, 24.75, 25.5, 25.25, 25.25, 25.0, 25.25, 25.0, 25.75, 25.5, 26.25]"
1521010622.292825 "[24.0, 23.75, 24.5, 24.25, 24.25, 23.75, 24.75, 24.75, 24.25, 23.75, 24.0, 24.25, 23.5, 24.75, 24.0, 24.25, 24.25, 24.0, 24.25, 24.25, 24.25, 23.75, 24.0, 24.5, 24.5, 24.0, 24.0, 23.75, 24.25, 24.0, 24.5, 24.5, 24.25, 24.75, 24.5, 24.75, 24.25, 24.25, 24.0, 24.75, 24.75, 24.25, 24.5, 25.0, 24.25, 24.5, 24.75, 24.75, 24.5, 25.0, 25.5, 25.0, 24.25, 24.75, 24.75, 25.5, 25.25, 25.25, 25.0, 25.0, 25.75, 25.5, 25.25, 26.5]"
1521010622.359278 "[23.5, 23.75, 23.75, 24.25, 24.0, 24.25, 24.25, 24.5, 24.0, 23.75, 24.25, 24.0, 23.75, 24.0, 24.5, 24.0, 24.0, 24.25, 24.25, 24.0, 24.25, 24.25, 23.75, 24.25, 24.25, 24.0, 23.75, 24.0, 24.25, 24.75, 24.0, 24.25, 24.75, 24.75, 24.25, 24.75, 24.0, 24.25, 24.0, 24.5, 24.25, 24.5, 24.5, 24.25, 24.25, 24.0, 24.5, 24.5, 25.0, 25.0, 24.75, 25.0, 24.25, 25.0, 25.0, 25.25, 25.5, 25.5, 25.75, 25.0, 25.75, 25.5, 25.25, 26.5]"
1521010622.428676 "[23.5, 23.75, 23.75, 24.25, 24.0, 24.25, 24.25, 24.5, 24.0, 23.75, 24.25, 24.0, 23.75, 24.0, 24.5, 24.0, 24.0, 24.25, 24.25, 24.0, 24.25, 24.25, 23.75, 24.25, 24.25, 24.0, 23.75, 24.0, 24.25, 24.5, 24.25, 24.25, 24.5, 24.5, 24.5, 24.0, 24.25, 24.0, 24.0, 25.0, 24.5, 24.75, 25.0, 24.75, 24.5, 24.5, 24.75, 24.5, 24.75, 24.75, 25.5, 25.25, 25.0, 25.25, 24.75, 25.25, 25.0, 25.25, 25.5, 25.75, 25.75, 25.75, 25.5, 25.75]"
1521010622.495835 "[23.75, 24.25, 24.25, 24.0, 24.0, 24.0, 24.0, 24.75, 23.75, 23.75, 23.75, 24.0, 24.0, 24.0, 23.75, 23.5, 24.25, 23.75, 24.25, 24.5, 24.0, 23.75, 24.25, 25.0, 24.25, 24.0, 24.0, 24.5, 24.0, 24.5, 24.25, 24.25, 24.5, 24.5, 24.5, 24.0, 24.25, 24.0, 24.0, 25.0, 24.5, 24.75, 25.0, 24.75, 24.5, 24.5, 24.75, 24.5, 24.75, 24.75, 25.5, 25.25, 25.0, 25.25, 24.75, 25.25, 25.0, 25.25, 25.5, 25.75, 25.75, 25.75, 25.5, 26.5]"
1521010622.566396 "[24.25, 24.0, 24.75, 24.5, 24.25, 24.5, 24.5, 25.0, 23.25, 23.75, 24.25, 24.0, 23.5, 24.25, 24.25, 24.25, 24.5, 23.75, 24.25, 24.5, 24.0, 24.25, 23.75, 24.75, 24.5, 24.5, 24.5, 24.75, 24.25, 24.0, 24.25, 24.25, 24.75, 24.0, 24.25, 24.5, 24.25, 24.5, 24.25, 24.75, 25.0, 24.5, 24.75, 24.5, 24.25, 24.5, 24.5, 24.75, 25.5, 25.0, 25.0, 25.0, 24.5, 24.5, 25.0, 25.5, 25.25, 25.25, 25.75, 26.0, 25.75, 25.75, 25.25, 26.5]"
1521010622.641194 "[24.25, 24.0, 24.75, 24.5, 24.25, 24.5, 24.5, 25.0, 23.25, 23.75, 24.25, 24.0, 23.5, 24.25, 24.25, 24.25, 24.5, 23.75, 24.25, 24.5, 24.0, 24.25, 23.75, 24.75, 24.5, 24.5, 24.5, 24.75, 24.25, 24.0, 24.0, 24.0, 24.25, 24.5, 24.75, 24.5, 24.0, 24.25, 24.25, 24.75, 24.75, 24.5, 24.75, 25.0, 24.25, 24.5, 24.75, 24.5, 25.0, 25.25, 25.0, 24.5, 25.0, 24.75, 24.75, 25.5, 25.25, 25.75, 25.25, 24.75, 25.75, 25.25, 25.5, 25.75]"
1521010622.724228 "[23.5, 23.5, 24.0, 24.5, 24.25, 24.25, 24.0, 24.5, 23.75, 23.75, 24.25, 24.0, 23.75, 24.0, 24.0, 24.0, 24.5, 24.0, 24.75, 23.75, 24.0, 23.75, 24.25, 24.75, 24.25, 24.5, 24.25, 24.25, 24.25, 24.5, 24.0, 24.0, 24.25, 24.5, 24.75, 24.5, 24.0, 24.25, 24.25, 24.75, 24.75, 24.5, 24.5, 24.75, 24.25, 24.0, 25.0, 24.5, 25.0, 24.5, 25.0, 25.5, 24.75, 24.75, 24.75, 25.0, 25.5, 25.75, 25.75, 25.0, 25.25, 25.75, 25.0, 26.25]"
1521010622.768136 "[24.25, 24.25, 24.5, 24.75, 24.75, 24.0, 24.75, 24.25, 24.5, 24.0, 24.0, 24.5, 24.25, 24.5, 24.5, 24.0, 24.0, 24.5, 24.25, 24.25, 23.75, 24.25, 24.0, 24.25, 24.25, 24.0, 24.0, 24.5, 24.0, 24.0, 24.25, 24.5, 24.5, 24.25, 24.75, 24.25, 24.5, 24.0, 23.75, 24.75, 24.75, 24.5, 24.5, 24.75, 24.25, 24.0, 25.0, 24.5, 25.0, 24.5, 25.0, 25.5, 24.75, 24.75, 24.75, 25.0, 25.5, 25.75, 25.75, 25.0, 25.25, 25.75, 25.0, 26.25]"
1521010622.811323 "[24.25, 24.25, 24.5, 24.75, 24.75, 24.0, 24.75, 24.25, 24.5, 24.0, 24.0, 24.5, 24.25, 24.5, 24.5, 24.0, 24.0, 24.5, 24.25, 24.25, 23.75, 24.25, 24.0, 24.25, 24.25, 24.0, 24.0, 24.5, 24.0, 24.0, 24.25, 24.5, 24.5, 24.25, 24.75, 24.25, 24.5, 24.0, 23.75, 24.75, 24.75, 24.5, 24.5, 24.75, 24.25, 24.0, 25.0, 24.5, 25.0, 24.5, 25.0, 25.5, 24.75, 24.75, 24.75, 25.5, 25.5, 25.25, 25.25, 25.0, 25.25, 25.5, 25.75, 25.5]"
1521010622.852146 "[23.75, 23.5, 24.25, 24.25, 24.5, 24.0, 24.25, 24.25, 24.25, 23.75, 24.25, 24.25, 24.0, 24.0, 24.0, 23.75, 24.0, 24.0, 24.5, 23.5, 23.75, 24.0, 24.0, 24.5, 24.25, 23.75, 23.75, 24.0, 24.25, 24.0, 24.25, 24.0, 25.25, 25.0, 24.25, 24.25, 24.25, 24.25, 24.0, 25.0, 24.5, 24.75, 24.25, 24.5, 24.25, 23.75, 24.75, 24.75, 25.5, 24.75, 25.5, 25.0, 24.5, 24.75, 24.75, 25.5, 25.5, 25.25, 25.25, 25.0, 25.25, 25.5, 25.75, 25.5]"
1521010622.891932 "[23.75, 23.5, 24.25, 24.25, 24.5, 24.0, 24.25, 24.25, 24.25, 23.75, 24.25, 24.25, 24.0, 24.0, 24.0, 23.75, 24.0, 24.0, 24.5, 23.5, 23.75, 24.0, 24.0, 24.5, 24.25, 23.75, 23.75, 24.0, 24.25, 24.0, 24.25, 24.0, 25.25, 25.0, 24.25, 24.25, 24.25, 24.25, 24.0, 25.0, 24.5, 24.75, 24.25, 24.5, 24.25, 23.75, 24.75, 24.75, 25.5, 24.75, 25.5, 25.0, 24.5, 24.75, 24.75, 25.5, 25.5, 25.25, 25.25, 25.0, 25.25, 25.5, 25.75, 25.5]"
1521010622.935986 "[23.75, 23.5, 24.25, 24.25, 24.5, 24.0, 24.25, 24.25, 24.25, 23.75, 24.25, 24.25, 24.0, 24.0, 24.0, 23.75, 24.0, 24.0, 24.5, 23.5, 23.75, 24.0, 24.0, 24.5, 24.25, 23.75, 23.75, 24.0, 24.5, 24.5, 24.0, 24.25, 24.75, 24.25, 24.5, 24.25, 24.25, 24.0, 24.25, 24.75, 24.5, 24.75, 24.5, 24.75, 24.25, 24.25, 24.75, 24.5, 25.25, 25.25, 25.25, 25.25, 24.5, 25.0, 25.25, 25.5, 26.0, 25.5, 25.5, 25.25, 25.5, 25.5, 25.0, 26.25]"
1521010622.976933 "[24.5, 23.75, 24.75, 25.5, 24.25, 24.5, 23.75, 25.0, 23.75, 23.5, 24.25, 24.75, 24.0, 24.25, 24.5, 23.5, 24.5, 24.0, 24.75, 24.0, 24.25, 24.0, 23.75, 24.5, 24.25, 24.0, 24.0, 24.0, 24.5, 24.5, 24.0, 24.25, 24.75, 24.25, 24.5, 24.25, 24.25, 24.0, 24.25, 24.75, 24.5, 24.75, 24.5, 24.75, 24.25, 24.25, 24.75, 24.5, 25.25, 25.25, 25.25, 25.25, 24.5, 25.0, 25.25, 25.5, 26.0, 25.5, 25.5, 25.25, 25.5, 25.5, 25.0, 26.25]"
1521010623.018469 "[24.5, 23.75, 24.75, 25.5, 24.25, 24.5, 23.75, 25.0, 23.75, 23.5, 24.25, 24.75, 24.0, 24.25, 24.5, 23.5, 24.5, 24.0, 24.75, 24.0, 24.25, 24.0, 23.75, 24.5, 24.25, 24.0, 24.0, 24.0, 24.5, 24.5, 24.0, 24.25, 24.75, 24.25, 24.5, 24.25, 24.25, 24.0, 24.25, 24.75, 24.5, 24.75, 24.5, 24.75, 24.25, 24.25, 24.75, 24.5, 25.25, 25.25, 25.25, 25.25, 24.5, 25.0, 25.25, 25.0, 25.25, 25.5, 25.5, 25.25, 25.25, 25.25, 25.5, 26.25]"
1521010623.063488 "[23.75, 23.75, 24.5, 25.5, 24.75, 24.25, 24.25, 24.5, 24.0, 24.25, 24.25, 24.5, 23.75, 24.75, 24.5, 23.5, 24.5, 24.25, 24.25, 24.25, 24.25, 24.25, 24.25, 24.5, 24.25, 23.75, 24.25, 24.0, 24.75, 24.75, 24.25, 24.5, 24.25, 24.5, 24.5, 24.5, 24.25, 24.5, 24.0, 25.0, 24.75, 24.25, 24.75, 24.5, 24.5, 24.75, 24.75, 25.25, 25.25, 24.75, 25.0, 25.25, 24.5, 25.25, 24.0, 25.0, 25.25, 25.5, 25.5, 25.25, 25.25, 25.25, 25.5, 26.25]"
1521010623.11049 "[23.75, 23.75, 24.5, 25.5, 24.75, 24.25, 24.25, 24.5, 24.0, 24.25, 24.25, 24.5, 23.75, 24.75, 24.5, 23.5, 24.5, 24.25, 24.25, 24.25, 24.25, 24.25, 24.25, 24.5, 24.25, 23.75, 24.25, 24.0, 24.75, 24.75, 24.25, 24.5, 24.25, 24.5, 24.5, 24.5, 24.25, 24.5, 24.0, 25.0, 24.75, 24.25, 24.75, 24.5, 24.5, 24.75, 24.75, 25.25, 25.25, 24.75, 25.0, 25.25, 24.5, 25.25, 24.0, 25.0, 25.25, 25.5, 25.5, 25.25, 25.25, 25.25, 25.5, 26.25]"
1521010623.159812 "[23.75, 23.75, 24.5, 25.5, 24.75, 24.25, 24.25, 24.5, 24.0, 24.0, 24.0, 24.75, 24.0, 24.5, 24.0, 24.0, 24.5, 24.0, 24.5, 24.25, 24.25, 24.0, 23.75, 25.0, 24.25, 23.75, 24.25, 24.25, 24.5, 24.5, 24.25, 24.25, 25.0, 24.25, 24.75, 24.5, 24.0, 24.25, 24.25, 25.25, 25.0, 24.75, 24.0, 24.75, 24.5, 24.5, 24.75, 25.25, 25.25, 24.75, 25.0, 25.25, 24.75, 25.25, 25.0, 25.25, 25.0, 25.5, 25.5, 24.75, 25.5, 25.75, 25.5, 25.75]"
1521010623.208204 "[24.0, 24.5, 25.25, 25.75, 25.25, 24.25, 24.75, 24.5, 24.0, 24.0, 24.0, 24.75, 24.0, 24.5, 24.0, 24.0, 24.5, 24.0, 24.5, 24.25, 24.25, 24.0, 23.75, 25.0, 24.25, 23.75, 24.25, 24.25, 24.5, 24.5, 24.25, 24.25, 25.0, 24.25, 24.75, 24.5, 24.0, 24.25, 24.25, 25.25, 25.0, 24.75, 24.0, 24.75, 24.5, 24.5, 24.75, 25.25, 25.25, 24.75, 25.0, 25.25, 24.75, 25.25, 25.0, 25.25, 25.0, 25.5, 25.5, 24.75, 25.5, 25.75, 25.5, 25.75]"
1521010623.2485 "[24.0, 24.5, 25.25, 25.75, 25.25, 24.25, 24.75, 24.5, 24.0, 24.0, 24.0, 24.75, 24.0, 24.5, 24.0, 24.0, 24.5, 24.25, 24.5, 24.5, 24.75, 24.25, 24.5, 24.75, 24.25, 24.25, 24.75, 24.5, 24.25, 24.5, 24.75, 24.25, 24.75, 24.25, 24.25, 24.25, 24.25, 24.0, 24.25, 25.25, 24.75, 24.5, 24.75, 24.75, 24.25, 24.5, 24.5, 24.75, 25.25, 25.0, 25.5, 25.0, 24.75, 24.25, 24.75, 25.25, 25.75, 25.5, 25.75, 25.25, 25.75, 25.25, 25.75, 25.75]"
1521010623.29309 "[24.0, 24.0, 25.75, 26.0, 25.5, 24.75, 24.5, 24.25, 24.25, 24.25, 24.5, 25.0, 24.75, 24.5, 23.75, 23.5, 24.25, 24.25, 24.5, 24.5, 24.75, 24.25, 24.5, 24.75, 24.25, 24.25, 24.75, 24.5, 24.25, 24.5, 24.75, 24.25, 24.75, 24.25, 24.25, 24.25, 24.25, 24.0, 24.25, 25.25, 24.75, 24.5, 24.75, 24.75, 24.25, 24.5, 24.5, 24.75, 25.25, 25.0, 25.5, 25.0, 24.75, 24.25, 24.75, 25.25, 25.75, 25.5, 25.75, 25.25, 25.75, 25.25, 25.75, 25.75]"
1521010623.334231 "[24.0, 24.0, 25.75, 26.0, 25.5, 24.75, 24.5, 24.25, 24.25, 24.25, 24.5, 25.0, 24.75, 24.5, 23.75, 23.5, 24.25, 24.25, 24.5, 24.5, 24.75, 24.25, 24.5, 24.75, 24.25, 24.25, 24.75, 24.5, 24.25, 24.5, 24.75, 24.25, 24.75, 24.25, 24.25, 24.25, 24.25, 24.0, 24.25, 25.25, 24.75, 24.5, 24.75, 24.75, 24.25, 24.25, 24.75, 24.5, 24.75, 24.5, 25.0, 25.0, 25.0, 25.0, 24.75, 25.25, 25.0, 25.25, 26.0, 25.0, 25.75, 25.25, 26.0, 25.75]"
1521010623.374989 "[24.0, 24.75, 26.25, 26.5, 26.0, 25.25, 24.5, 24.5, 24.25, 24.0, 25.25, 25.5, 24.5, 24.0, 24.5, 24.0, 24.25, 24.25, 24.25, 24.25, 23.75, 24.0, 23.75, 24.75, 24.0, 24.0, 24.0, 24.25, 24.0, 24.5, 24.0, 24.0, 24.75, 24.25, 24.75, 24.5, 24.25, 24.25, 24.0, 24.75, 24.5, 24.5, 24.75, 24.5, 24.25, 24.25, 24.75, 24.5, 24.75, 24.5, 25.0, 25.0, 25.0, 25.0, 24.75, 25.25, 25.0, 25.25, 26.0, 25.0, 25.75, 25.25, 26.0, 25.75]"
1521010623.417085 "[24.0, 24.75, 26.25, 26.5, 26.0, 25.25, 24.5, 24.5, 24.25, 24.0, 25.25, 25.5, 24.5, 24.0, 24.5, 24.0, 24.25, 24.25, 24.25, 24.25, 23.75, 24.0, 23.75, 24.75, 24.0, 24.0, 24.0, 24.25, 24.0, 24.5, 24.0, 24.0, 24.75, 24.25, 24.75, 24.5, 24.25, 24.25, 24.0, 24.75, 24.5, 24.5, 24.75, 24.5, 24.25, 24.25, 24.75, 24.5, 24.75, 24.5, 25.0, 25.0, 25.0, 25.0, 24.75, 25.25, 25.0, 25.25, 26.0, 25.0, 25.75, 25.25, 26.0, 25.75]"
1521010623.477974 "[24.0, 24.75, 26.25, 26.5, 26.0, 25.25, 24.5, 24.5, 24.25, 24.0, 25.25, 25.5, 25.0, 24.5, 24.25, 24.25, 24.5, 24.25, 24.75, 25.0, 24.75, 24.25, 24.0, 24.25, 24.75, 24.25, 24.25, 24.25, 24.25, 24.25, 24.5, 24.75, 25.0, 24.75, 24.5, 24.5, 24.0, 24.5, 24.0, 24.75, 24.75, 24.5, 24.75, 25.0, 24.5, 24.75, 25.0, 24.5, 25.0, 25.0, 25.25, 25.0, 24.75, 25.0, 24.75, 24.5, 26.0, 25.5, 25.25, 25.5, 25.5, 25.5, 25.5, 25.5]"
1521010623.544114 "[23.5, 24.25, 26.0, 26.25, 26.0, 24.5, 24.5, 24.5, 24.0, 24.0, 25.25, 26.25, 25.0, 24.5, 24.25, 24.25, 24.5, 24.25, 24.75, 25.0, 24.75, 24.25, 24.0, 24.25, 24.75, 24.25, 24.25, 24.25, 24.25, 24.25, 24.5, 24.75, 25.0, 24.75, 24.5, 24.5, 24.0, 24.5, 24.0, 24.75, 24.75, 24.5, 24.75, 25.0, 24.5, 24.75, 25.0, 24.5, 25.0, 24.5, 25.5, 25.0, 25.0, 24.75, 24.5, 25.25, 25.25, 25.5, 25.0, 26.0, 25.5, 25.25, 25.25, 26.5]"
1521010623.614705 "[24.0, 24.5, 25.75, 26.25, 25.75, 24.75, 24.75, 24.5, 23.5, 24.75, 26.25, 27.0, 25.5, 25.25, 24.5, 24.25, 24.25, 24.25, 25.0, 25.75, 24.5, 24.25, 23.75, 24.75, 23.75, 24.0, 24.25, 24.5, 24.5, 24.75, 24.25, 24.25, 24.25, 24.5, 24.5, 24.75, 24.25, 24.5, 24.0, 24.75, 24.75, 24.0, 25.25, 24.75, 24.5, 24.5, 25.0, 25.0, 25.0, 24.5, 25.5, 25.0, 25.0, 24.75, 24.5, 25.25, 25.25, 25.5, 25.0, 26.0, 25.5, 25.25, 25.25, 26.5]"
1521010623.681135 "[24.0, 24.5, 25.75, 26.25, 25.75, 24.75, 24.75, 24.5, 23.5, 24.75, 26.25, 27.0, 25.5, 25.25, 24.5, 24.25, 24.25, 24.25, 26.0, 26.25, 25.25, 25.0, 24.25, 24.5, 24.75, 24.25, 24.75, 24.75, 24.75, 24.5, 24.0, 25.0, 25.25, 24.0, 25.0, 24.75, 24.25, 24.5, 24.75, 24.75, 24.5, 24.75, 25.0, 24.75, 24.5, 24.5, 25.0, 24.75, 25.0, 24.5, 24.75, 25.25, 25.0, 24.75, 24.5, 25.25, 25.5, 25.75, 25.75, 25.5, 25.25, 26.25, 25.5, 26.25]"
1521010623.760306 "[24.5, 24.75, 25.5, 25.75, 25.5, 24.75, 24.25, 24.5, 24.25, 24.5, 26.5, 26.25, 26.0, 25.5, 24.5, 24.25, 24.25, 24.25, 26.0, 26.25, 25.25, 25.0, 24.25, 24.5, 24.75, 24.25, 24.75, 24.75, 24.75, 24.5, 24.0, 25.0, 25.25, 24.0, 25.0, 24.75, 24.25, 24.5, 24.75, 24.75, 24.5, 24.75, 24.75, 24.5, 24.5, 24.5, 25.0, 25.0, 25.0, 25.0, 25.25, 25.0, 25.25, 24.5, 24.75, 25.0, 26.0, 25.25, 25.0, 25.25, 25.5, 25.75, 25.25, 26.0]"
1521010623.833044 "[23.75, 24.5, 24.5, 25.0, 24.25, 24.0, 24.5, 24.5, 23.75, 24.5, 26.25, 26.25, 25.75, 24.75, 24.25, 23.5, 25.0, 24.5, 26.75, 27.25, 25.5, 25.0, 24.0, 23.75, 24.5, 24.25, 25.25, 25.25, 25.25, 24.75, 24.5, 24.75, 25.0, 24.75, 24.75, 24.75, 24.5, 24.5, 24.0, 24.75, 24.75, 24.75, 24.75, 24.5, 24.5, 24.5, 25.0, 25.0, 25.0, 25.0, 25.25, 25.0, 25.25, 24.5, 24.75, 25.0, 26.0, 25.25, 25.0, 25.25, 25.5, 25.75, 25.25, 26.0]"
1521010623.902035 "[23.75, 24.5, 24.5, 25.0, 24.25, 23.5, 23.75, 24.25, 23.75, 23.5, 25.0, 25.25, 24.75, 24.0, 24.5, 23.75, 25.0, 25.5, 26.5, 26.5, 26.0, 25.0, 24.0, 24.5, 24.75, 24.0, 25.75, 25.75, 24.75, 24.75, 24.25, 23.75, 25.0, 24.75, 25.0, 24.75, 24.25, 24.0, 23.75, 25.0, 24.5, 24.75, 24.5, 24.5, 24.25, 24.5, 24.75, 24.75, 25.0, 25.0, 25.25, 25.0, 24.75, 24.5, 24.75, 25.25, 25.75, 25.25, 25.0, 24.75, 25.25, 25.25, 25.25, 26.25]"
1521010623.95728 "[23.75, 23.75, 24.5, 24.5, 24.0, 23.5, 23.75, 24.25, 23.75, 23.5, 25.0, 25.25, 24.75, 24.0, 24.5, 23.75, 25.0, 25.5, 26.5, 26.5, 26.0, 25.0, 24.0, 24.5, 24.75, 24.0, 25.75, 25.75, 24.75, 24.75, 24.25, 23.75, 25.0, 24.75, 25.0, 24.75, 24.25, 24.0, 23.75, 25.0, 25.25, 24.75, 24.75, 24.75, 24.0, 24.25, 24.5, 25.25, 25.25, 24.5, 25.25, 25.25, 24.75, 24.75, 24.75, 25.25, 25.0, 25.25, 25.25, 25.25, 25.75, 25.25, 25.75, 26.0]"
1521010623.998226 "[23.75, 23.75, 24.5, 24.75, 24.25, 23.5, 24.25, 25.0, 23.75, 24.0, 24.75, 24.0, 24.0, 24.25, 24.25, 23.75, 25.25, 25.5, 26.25, 26.25, 25.5, 25.0, 23.75, 24.25, 24.5, 25.0, 26.25, 25.75, 25.75, 25.0, 24.25, 24.25, 24.75, 24.75, 25.5, 25.0, 25.0, 25.0, 24.0, 24.5, 25.25, 24.75, 24.75, 24.75, 24.0, 24.25, 24.5, 25.25, 25.25, 24.5, 25.25, 25.25, 24.75, 24.75, 24.75, 25.25, 25.0, 25.25, 25.25, 25.25, 25.75, 25.25, 25.75, 26.0]"
1521010624.039891 "[23.75, 23.75, 24.5, 24.75, 24.25, 23.5, 24.25, 25.0, 23.75, 24.0, 24.75, 24.0, 24.0, 24.25, 24.25, 23.75, 25.25, 25.5, 26.25, 26.25, 25.5, 25.0, 23.75, 24.25, 24.5, 25.0, 26.25, 25.75, 25.75, 25.0, 24.25, 24.25, 24.75, 24.75, 25.5, 25.0, 25.0, 25.0, 24.0, 24.5, 25.25, 24.75, 24.75, 24.75, 24.0, 24.25, 24.5, 25.25, 25.25, 24.5, 25.25, 25.25, 24.75, 24.75, 24.75, 25.25, 25.0, 25.25, 25.25, 25.25, 25.75, 25.25, 25.75, 26.0]"
1521010624.080597 "[23.75, 23.75, 24.5, 24.75, 24.25, 23.5, 24.25, 25.0, 23.75, 24.0, 24.75, 24.25, 23.75, 24.5, 24.25, 23.75, 24.5, 25.5, 26.25, 25.25, 25.0, 24.0, 23.75, 24.25, 25.0, 26.25, 26.0, 26.25, 26.0, 24.75, 24.75, 24.5, 25.0, 24.75, 25.75, 26.0, 24.75, 24.5, 24.75, 24.5, 24.5, 24.5, 25.0, 25.25, 25.0, 24.75, 25.0, 25.25, 25.0, 25.0, 25.25, 25.0, 25.0, 24.75, 24.25, 25.0, 25.75, 25.5, 25.0, 25.75, 25.5, 25.25, 26.0, 25.5]"
1521010624.121318 "[23.75, 24.25, 24.5, 24.5, 23.5, 23.75, 23.75, 24.5, 24.0, 24.0, 24.75, 24.25, 23.75, 24.5, 24.25, 23.75, 24.5, 25.5, 26.25, 25.25, 25.0, 24.0, 23.75, 24.25, 25.0, 26.25, 26.0, 26.25, 26.0, 24.75, 24.75, 24.5, 25.0, 24.75, 25.75, 26.0, 24.75, 24.5, 24.75, 24.5, 24.5, 24.5, 25.0, 25.25, 25.0, 24.75, 25.0, 25.25, 25.0, 25.0, 25.25, 25.0, 25.0, 24.75, 24.25, 25.0, 25.75, 25.5, 25.0, 25.75, 25.5, 25.25, 26.0, 25.5]"
1521010624.162057 "[23.75, 24.25, 24.5, 24.5, 23.5, 23.75, 23.75, 24.5, 24.0, 24.0, 24.75, 24.25, 23.75, 24.5, 24.25, 23.75, 24.5, 25.5, 26.25, 25.25, 25.0, 24.0, 23.75, 24.25, 25.0, 26.25, 26.0, 26.25, 26.0, 24.75, 24.75, 24.5, 25.0, 24.75, 25.75, 26.0, 24.75, 24.5, 24.75, 24.5, 24.5, 24.5, 25.0, 25.25, 25.25, 24.0, 24.75, 25.0, 24.75, 24.75, 25.25, 25.25, 24.75, 24.75, 24.75, 25.25, 25.5, 25.25, 25.5, 25.0, 25.75, 25.25, 25.25, 25.75]"
1521010624.203614 "[23.75, 24.0, 24.5, 24.25, 24.0, 24.0, 24.25, 24.25, 23.5, 24.25, 24.0, 24.0, 23.75, 24.5, 23.75, 24.25, 24.5, 24.5, 25.5, 25.0, 24.5, 24.0, 24.0, 24.75, 24.5, 26.0, 26.25, 26.0, 26.0, 24.5, 24.25, 24.0, 25.0, 25.25, 26.0, 26.0, 25.25, 24.5, 24.0, 24.25, 24.5, 24.75, 24.75, 25.0, 25.25, 24.0, 24.75, 25.0, 24.75, 24.75, 25.25, 25.25, 24.75, 24.75, 24.75, 25.25, 25.5, 25.25, 25.5, 25.0, 25.75, 25.25, 25.25, 25.75]"
1521010624.252409 "[23.75, 24.0, 24.5, 24.25, 24.0, 24.0, 24.25, 24.25, 23.5, 24.25, 24.0, 24.0, 23.75, 24.5, 23.75, 24.25, 24.5, 24.5, 25.5, 25.0, 24.5, 24.0, 24.0, 24.75, 24.5, 26.0, 26.25, 26.0, 26.0, 24.5, 24.25, 24.0, 25.0, 25.25, 26.0, 26.0, 25.25, 24.5, 24.0, 24.25, 24.5, 24.75, 24.75, 25.0, 25.25, 24.0, 24.75, 25.0, 24.75, 24.75, 25.25, 25.25, 24.75, 24.75, 24.75, 25.25, 25.5, 25.25, 25.5, 25.0, 25.75, 25.25, 25.25, 25.75]"
1521010624.293405 "[23.75, 24.0, 24.5, 24.25, 23.75, 23.75, 23.75, 24.5, 24.0, 23.75, 24.5, 23.5, 23.5, 24.5, 24.0, 24.25, 24.25, 24.5, 24.75, 23.75, 24.0, 24.0, 23.75, 24.0, 24.5, 25.25, 25.75, 25.25, 24.75, 24.25, 24.25, 24.25, 24.5, 26.25, 26.5, 26.75, 25.5, 24.25, 23.75, 25.0, 25.0, 24.5, 25.5, 25.25, 25.0, 24.5, 24.5, 25.0, 25.0, 25.25, 25.25, 25.75, 25.0, 24.5, 24.25, 25.5, 25.0, 25.5, 25.5, 25.5, 25.75, 25.75, 25.0, 26.0]"
1521010624.334474 "[23.75, 24.0, 24.5, 24.25, 23.75, 23.75, 23.75, 24.5, 24.0, 23.75, 24.5, 23.5, 23.5, 24.5, 24.0, 24.25, 24.25, 24.5, 24.75, 23.75, 24.0, 24.0, 23.75, 24.0, 24.5, 25.25, 25.75, 25.25, 24.75, 24.25, 24.25, 24.25, 24.5, 26.25, 26.5, 26.75, 25.5, 24.25, 23.75, 25.0, 25.0, 24.5, 25.5, 25.25, 25.0, 24.5, 24.5, 25.0, 25.0, 25.25, 25.25, 25.75, 25.0, 24.5, 24.25, 25.5, 25.0, 25.5, 25.5, 25.5, 25.75, 25.75, 25.0, 26.0]"
1521010624.375926 "[23.75, 24.0, 24.5, 24.25, 23.75, 23.75, 23.75, 24.5, 24.0, 23.75, 24.5, 23.5, 23.5, 24.5, 24.0, 24.25, 24.25, 24.5, 24.75, 23.75, 24.0, 24.0, 23.75, 24.0, 24.5, 25.25, 25.75, 25.25, 24.75, 24.25, 24.25, 24.25, 25.25, 26.5, 26.5, 26.5, 25.25, 24.0, 23.75, 25.0, 24.5, 25.0, 25.5, 26.5, 25.25, 24.5, 24.5, 24.75, 25.0, 25.25, 25.25, 26.0, 25.0, 25.5, 24.5, 25.25, 25.5, 25.75, 25.5, 25.5, 25.75, 25.75, 25.25, 25.25]"
1521010624.416463 "[24.0, 23.5, 23.75, 23.75, 23.75, 23.5, 24.25, 24.5, 23.5, 23.75, 24.0, 23.75, 23.5, 24.0, 24.0, 23.75, 24.5, 24.5, 24.5, 24.0, 24.0, 24.25, 23.75, 24.5, 24.75, 25.25, 25.5, 25.25, 24.5, 24.5, 24.0, 24.0, 25.25, 26.5, 26.5, 26.5, 25.25, 24.0, 23.75, 25.0, 24.5, 25.0, 25.5, 26.5, 25.25, 24.5, 24.5, 24.75, 25.0, 25.25, 25.25, 26.0, 25.0, 25.5, 24.5, 25.25, 25.5, 25.75, 25.5, 25.5, 25.75, 25.75, 25.25, 25.25]"
1521010624.460044 "[24.0, 23.5, 23.75, 23.75, 23.75, 23.5, 24.25, 24.5, 23.5, 23.75, 24.0, 23.75, 23.5, 24.0, 24.0, 23.75, 24.5, 24.5, 24.5, 24.0, 24.0, 24.25, 23.75, 24.5, 24.75, 25.25, 25.5, 25.25, 24.5, 24.5, 24.0, 24.0, 25.25, 26.5, 26.5, 26.5, 25.25, 24.0, 23.75, 25.0, 24.5, 25.0, 25.5, 26.5, 25.25, 24.5, 24.5, 24.75, 25.0, 25.25, 25.25, 26.0, 25.0, 25.5, 24.5, 25.25, 25.5, 25.75, 25.5, 25.5, 25.75, 25.75, 25.25, 26.0]"
1521010624.5022 "[24.0, 23.75, 24.0, 24.25, 24.25, 23.5, 24.25, 24.5, 24.0, 24.25, 24.0, 23.75, 23.75, 24.0, 24.0, 23.75, 24.0, 24.25, 24.25, 24.0, 24.0, 24.0, 23.75, 24.5, 23.75, 24.5, 25.0, 25.25, 24.75, 24.25, 24.25, 24.25, 25.0, 25.75, 26.75, 26.25, 24.75, 24.5, 23.75, 25.0, 24.5, 25.25, 25.75, 26.75, 25.5, 24.5, 24.75, 24.75, 25.0, 25.5, 25.5, 26.25, 25.25, 25.0, 24.75, 25.0, 25.75, 25.75, 25.75, 25.25, 25.75, 25.0, 25.5, 26.0]"
1521010624.544379 "[24.0, 23.75, 24.0, 24.25, 24.25, 23.5, 24.25, 24.5, 24.0, 24.25, 24.0, 23.75, 23.75, 24.0, 24.0, 23.75, 24.0, 24.25, 24.25, 24.0, 24.0, 24.0, 23.75, 24.5, 23.75, 24.5, 25.0, 25.25, 24.75, 24.25, 24.25, 24.25, 25.0, 25.75, 26.75, 26.25, 24.75, 24.5, 23.75, 25.0, 24.5, 25.25, 25.75, 26.75, 25.5, 24.5, 24.75, 24.75, 25.0, 25.5, 25.5, 26.25, 25.25, 25.0, 24.75, 25.0, 25.75, 25.75, 25.75, 25.25, 25.75, 25.0, 25.5, 26.0]"
1521010624.585116 "[24.0, 23.75, 24.0, 24.25, 24.25, 23.5, 24.25, 24.5, 24.0, 24.25, 24.0, 23.75, 23.75, 24.0, 24.0, 23.75, 24.0, 24.25, 24.25, 24.0, 24.0, 24.0, 23.75, 24.5, 23.75, 24.5, 25.0, 25.25, 24.75, 24.25, 24.25, 24.0, 25.0, 25.25, 26.25, 26.25, 24.75, 24.0, 24.0, 24.75, 24.5, 25.5, 26.25, 26.5, 25.25, 24.0, 24.75, 24.5, 25.0, 25.25, 25.5, 27.0, 25.5, 24.75, 25.25, 25.25, 25.5, 25.25, 26.0, 25.5, 25.75, 25.0, 25.75, 25.75]"
1521010624.626078 "[24.0, 23.75, 24.25, 23.5, 23.75, 23.5, 24.0, 24.25, 24.0, 23.75, 23.75, 24.25, 23.75, 24.0, 24.0, 24.25, 24.0, 23.75, 24.5, 24.0, 23.25, 23.75, 23.75, 24.25, 24.75, 24.0, 24.5, 24.75, 24.25, 24.5, 24.25, 24.0, 25.0, 25.25, 26.25, 26.25, 24.75, 24.0, 24.0, 24.75, 24.5, 25.5, 26.25, 26.5, 25.25, 24.0, 24.75, 24.5, 25.0, 25.25, 25.5, 27.0, 25.5, 24.75, 25.25, 25.25, 25.5, 25.25, 26.0, 25.5, 25.75, 25.0, 25.75, 25.75]"
1521010624.682972 "[24.0, 23.75, 24.25, 23.5, 23.75, 23.5, 24.0, 24.25, 24.0, 23.75, 23.75, 24.25, 23.75, 24.0, 24.0, 24.25, 24.0, 23.75, 24.5, 24.0, 23.25, 23.75, 23.75, 24.25, 24.75, 24.0, 24.5, 24.75, 24.25, 24.5, 24.25, 24.0, 25.0, 25.25, 26.25, 26.25, 24.75, 24.0, 24.0, 24.75, 24.5, 25.5, 26.25, 26.5, 25.25, 24.0, 24.75, 24.5, 25.5, 25.5, 25.5, 26.5, 26.25, 25.0, 24.75, 25.5, 25.5, 25.75, 26.0, 26.0, 26.0, 25.5, 25.75, 25.5]"
1521010624.748845 "[24.0, 23.5, 24.25, 23.5, 23.75, 23.75, 24.0, 24.25, 23.5, 24.0, 24.0, 23.75, 23.25, 24.0, 23.75, 23.75, 24.0, 23.75, 24.25, 24.0, 24.25, 24.0, 23.5, 24.75, 23.75, 24.5, 23.75, 24.0, 24.25, 24.25, 24.0, 24.0, 25.0, 25.25, 26.0, 26.25, 25.0, 24.25, 23.75, 25.0, 24.5, 25.25, 26.5, 26.75, 25.25, 24.75, 24.75, 24.75, 25.5, 25.5, 25.5, 26.5, 26.25, 25.0, 24.75, 25.5, 25.5, 25.75, 26.0, 26.0, 26.0, 25.5, 25.75, 25.5]"
1521010624.789743 "[24.0, 23.5, 24.25, 23.5, 23.75, 23.75, 24.0, 24.25, 23.5, 24.0, 24.0, 23.75, 23.25, 24.0, 23.75, 23.75, 24.0, 23.75, 24.25, 24.0, 24.25, 24.0, 23.5, 24.75, 23.75, 24.5, 23.75, 24.0, 24.25, 24.25, 24.0, 24.0, 25.0, 24.75, 25.75, 25.75, 24.5, 24.25, 24.0, 24.25, 24.75, 25.0, 26.5, 26.75, 25.25, 24.0, 24.75, 25.25, 25.0, 25.25, 26.25, 26.5, 26.0, 24.75, 24.75, 25.25, 25.5, 26.0, 25.75, 25.75, 26.25, 25.5, 25.75, 25.25]"
1521010624.831882 "[23.75, 23.75, 24.0, 23.75, 23.75, 23.75, 23.75, 24.5, 23.5, 23.75, 23.5, 24.0, 23.5, 24.5, 24.0, 23.75, 24.5, 24.0, 24.0, 24.75, 24.0, 23.75, 23.75, 24.5, 24.25, 23.75, 24.0, 24.0, 24.5, 24.25, 24.0, 24.0, 25.0, 24.75, 25.75, 25.75, 24.5, 24.25, 24.0, 24.25, 24.75, 25.0, 26.5, 26.75, 25.25, 24.0, 24.75, 25.25, 25.0, 25.25, 26.25, 26.5, 26.0, 24.75, 24.75, 25.25, 25.5, 26.0, 25.75, 25.75, 26.25, 25.5, 25.75, 25.25]"
1521010624.872731 "[23.75, 23.75, 24.0, 23.75, 23.75, 23.75, 23.75, 24.5, 23.5, 23.75, 23.5, 24.0, 23.5, 24.5, 24.0, 23.75, 24.5, 24.0, 24.0, 24.75, 24.0, 23.75, 23.75, 24.5, 24.25, 23.75, 24.0, 24.0, 24.5, 24.25, 24.0, 24.0, 25.0, 24.75, 25.75, 25.75, 24.5, 24.25, 24.0, 24.25, 24.75, 25.0, 26.5, 26.75, 25.25, 24.0, 24.75, 25.25, 25.0, 25.25, 26.25, 26.5, 26.0, 24.75, 24.75, 25.25, 25.5, 26.0, 25.75, 25.75, 26.25, 25.5, 25.75, 25.25]"
1521010624.914537 "[22.75, 23.25, 24.0, 23.5, 23.5, 23.5, 24.25, 24.75, 23.5, 23.25, 23.5, 23.75, 23.75, 23.5, 23.75, 23.75, 23.75, 24.25, 24.0, 24.25, 23.5, 23.75, 23.75, 24.5, 24.0, 23.5, 24.0, 23.75, 23.75, 24.0, 24.0, 24.0, 24.5, 24.25, 24.75, 25.0, 24.75, 24.5, 23.75, 24.5, 25.0, 25.0, 26.5, 26.5, 25.0, 23.75, 24.5, 24.75, 25.0, 25.25, 26.25, 26.5, 26.25, 25.0, 24.75, 25.25, 25.75, 26.0, 25.5, 25.75, 26.0, 25.5, 25.5, 25.75]"
1521010624.955957 "[22.75, 23.25, 24.0, 23.5, 23.5, 23.5, 24.25, 24.75, 23.5, 23.25, 23.5, 23.75, 23.75, 23.5, 23.75, 23.75, 23.75, 24.25, 24.0, 24.25, 23.5, 23.75, 23.75, 24.5, 24.0, 23.5, 24.0, 23.75, 23.75, 24.0, 24.0, 24.0, 24.5, 24.25, 24.75, 25.0, 24.75, 24.5, 23.75, 24.5, 25.0, 25.0, 26.5, 26.5, 25.0, 23.75, 24.5, 24.75, 25.0, 25.25, 26.25, 26.5, 26.25, 25.0, 24.75, 25.25, 25.75, 26.0, 25.5, 25.75, 26.0, 25.5, 25.5, 25.75]"
1521010624.997437 "[22.75, 23.25, 24.0, 23.5, 23.5, 23.5, 24.25, 24.75, 23.5, 23.25, 23.5, 23.75, 23.75, 23.5, 23.75, 23.75, 23.75, 24.25, 24.0, 24.25, 23.5, 23.75, 23.75, 24.5, 24.0, 23.5, 24.0, 23.75, 23.75, 24.0, 24.25, 24.0, 24.5, 24.5, 25.0, 25.25, 25.0, 24.25, 24.25, 24.5, 25.0, 25.0, 26.5, 26.0, 25.25, 24.5, 24.5, 25.25, 25.0, 25.0, 26.75, 26.5, 26.25, 25.25, 25.0, 24.75, 25.5, 26.25, 25.75, 25.75, 26.25, 25.75, 25.75, 26.0]"
1521010625.038737 "[23.5, 23.0, 24.0, 23.75, 24.25, 23.75, 23.75, 23.75, 24.0, 23.75, 23.5, 24.0, 23.5, 24.5, 24.5, 23.75, 23.75, 24.0, 24.25, 24.25, 23.75, 23.75, 23.75, 24.25, 24.25, 23.5, 24.25, 24.0, 24.5, 24.25, 24.25, 24.0, 24.5, 24.5, 25.0, 25.25, 25.0, 24.25, 24.25, 24.5, 25.0, 25.0, 26.5, 26.0, 25.25, 24.5, 24.5, 25.25, 25.0, 25.0, 26.75, 26.5, 26.25, 25.25, 25.0, 24.75, 25.5, 26.25, 25.75, 25.75, 26.25, 25.75, 25.75, 26.0]"
1521010625.080271 "[23.5, 23.0, 24.0, 23.75, 24.25, 23.75, 23.75, 23.75, 24.0, 23.75, 23.5, 24.0, 23.5, 24.5, 24.5, 23.75, 23.75, 24.0, 24.25, 24.25, 23.75, 23.75, 23.75, 24.25, 24.25, 23.5, 24.25, 24.0, 24.5, 24.25, 24.25, 24.0, 24.5, 24.5, 25.0, 25.25, 25.0, 24.25, 24.25, 24.5, 25.0, 25.0, 26.5, 26.0, 25.25, 24.5, 24.5, 25.25, 25.0, 25.0, 26.75, 26.5, 26.25, 25.25, 25.0, 24.75, 25.5, 26.25, 25.75, 25.75, 26.25, 25.75, 25.75, 26.5]"
1521010625.12207 "[23.5, 23.5, 24.0, 23.5, 23.5, 23.5, 23.75, 24.5, 23.75, 23.75, 24.0, 23.5, 23.5, 24.0, 24.25, 23.25, 24.5, 24.25, 24.25, 24.25, 23.75, 23.75, 23.75, 24.25, 24.5, 23.75, 24.25, 24.0, 24.0, 24.25, 24.25, 24.0, 25.0, 24.5, 24.5, 24.5, 24.5, 24.75, 24.0, 24.5, 24.5, 25.0, 25.75, 25.5, 25.5, 24.5, 25.0, 24.25, 25.0, 25.25, 26.75, 26.75, 26.25, 25.0, 25.0, 24.5, 25.0, 26.75, 26.25, 26.0, 26.0, 26.25, 25.5, 26.5]"
1521010625.163438 "[23.5, 23.5, 24.0, 23.5, 23.5, 23.5, 23.75, 24.5, 23.75, 23.75, 24.0, 23.5, 23.5, 24.0, 24.25, 23.25, 24.5, 24.25, 24.25, 24.25, 23.75, 23.75, 23.75, 24.25, 24.5, 23.75, 24.25, 24.0, 24.0, 24.25, 24.25, 24.0, 25.0, 24.5, 24.5, 24.5, 24.5, 24.75, 24.0, 24.5, 24.5, 25.0, 25.75, 25.5, 25.5, 24.5, 25.0, 24.25, 25.0, 25.25, 26.75, 26.75, 26.25, 25.0, 25.0, 24.5, 25.0, 26.75, 26.25, 26.0, 26.0, 26.25, 25.5, 26.5]"
1521010625.205546 "[23.5, 23.5, 24.0, 23.5, 23.5, 23.5, 23.75, 24.5, 23.75, 23.75, 24.0, 23.5, 23.5, 24.0, 24.25, 23.25, 24.5, 24.25, 24.25, 24.25, 23.75, 23.75, 23.75, 24.25, 24.5, 23.75, 24.25, 24.0, 24.0, 24.25, 24.25, 24.5, 24.5, 24.75, 24.75, 24.25, 24.75, 24.5, 24.0, 24.0, 24.5, 24.0, 25.5, 25.5, 25.25, 24.25, 24.75, 25.0, 25.25, 25.5, 27.0, 26.5, 26.25, 25.5, 25.0, 25.25, 25.5, 26.0, 26.5, 26.5, 27.0, 26.0, 25.75, 26.0]"
1521010625.24842 "[23.75, 24.0, 24.0, 24.0, 23.75, 23.5, 24.25, 24.5, 23.75, 23.5, 23.75, 24.25, 23.5, 24.0, 24.0, 23.75, 24.25, 24.25, 23.75, 24.0, 23.5, 24.0, 24.0, 24.25, 24.25, 24.25, 23.75, 24.25, 24.25, 24.5, 24.25, 24.5, 24.5, 24.75, 24.75, 24.25, 24.75, 24.5, 24.0, 24.0, 24.5, 24.0, 25.5, 25.5, 25.25, 24.25, 24.75, 25.0, 25.25, 25.5, 27.0, 26.5, 26.25, 25.5, 25.0, 25.25, 25.5, 26.0, 26.5, 26.5, 27.0, 26.0, 25.75, 26.0]"
1521010625.289287 "[23.75, 24.0, 24.0, 24.0, 23.75, 23.5, 24.25, 24.5, 23.75, 23.5, 23.75, 24.25, 23.5, 24.0, 24.0, 23.75, 24.25, 24.25, 23.75, 24.0, 23.5, 24.0, 24.0, 24.25, 24.25, 24.25, 23.75, 24.25, 24.25, 24.5, 24.25, 24.5, 24.5, 24.75, 24.75, 24.25, 24.75, 24.5, 24.0, 24.0, 24.5, 24.0, 25.5, 25.5, 25.25, 24.25, 24.75, 25.0, 25.25, 25.5, 27.0, 26.5, 26.25, 25.5, 25.0, 25.25, 25.5, 26.0, 26.5, 26.5, 26.25, 26.0, 26.0, 26.5]"
1521010625.329952 "[23.5, 23.75, 23.5, 23.75, 23.75, 23.25, 24.0, 23.75, 24.0, 24.0, 24.0, 24.0, 23.5, 24.25, 24.0, 24.0, 24.75, 24.25, 24.5, 23.75, 24.0, 23.75, 23.75, 24.0, 24.75, 24.25, 24.0, 23.75, 24.75, 24.25, 24.25, 24.5, 24.75, 24.5, 24.5, 24.25, 24.75, 24.75, 24.25, 25.0, 24.25, 25.0, 25.0, 25.5, 25.5, 24.5, 25.0, 24.5, 24.75, 25.25, 26.75, 26.0, 26.25, 26.0, 24.5, 25.0, 25.5, 26.0, 27.0, 26.5, 26.25, 26.0, 26.0, 26.5]"
1521010625.370799 "[23.5, 23.75, 23.5, 23.75, 23.75, 23.25, 24.0, 23.75, 24.0, 24.0, 24.0, 24.0, 23.5, 24.25, 24.0, 24.0, 24.75, 24.25, 24.5, 23.75, 24.0, 23.75, 23.75, 24.0, 24.75, 24.25, 24.0, 23.75, 24.75, 24.25, 24.25, 24.5, 24.75, 24.5, 24.5, 24.25, 24.75, 24.75, 24.25, 25.0, 24.25, 25.0, 25.0, 25.5, 25.5, 24.5, 25.0, 24.5, 24.75, 25.25, 26.75, 26.0, 26.25, 26.0, 24.5, 25.0, 25.5, 26.0, 27.0, 26.5, 26.25, 26.0, 26.0, 26.5]"
1521010625.412214 "[23.5, 23.75, 23.5, 23.75, 23.75, 23.25, 24.0, 23.75, 24.0, 24.0, 24.0, 24.0, 23.5, 24.25, 24.0, 24.0, 24.75, 24.25, 24.5, 23.75, 24.0, 23.75, 23.75, 24.0, 24.75, 24.25, 24.0, 23.75, 24.75, 24.25, 24.25, 24.0, 24.5, 24.5, 24.5, 24.5, 24.25, 24.25, 24.0, 24.75, 25.0, 24.0, 24.25, 25.5, 25.5, 24.5, 24.75, 24.75, 24.75, 25.25, 26.0, 26.0, 26.75, 25.0, 25.0, 25.0, 25.75, 26.0, 26.25, 26.5, 26.25, 25.75, 25.75, 26.0]"
1521010625.456993 "[23.75, 23.5, 24.0, 24.25, 23.75, 23.5, 24.0, 24.25, 23.75, 23.5, 23.75, 24.25, 23.5, 24.25, 23.75, 23.75, 23.75, 23.75, 24.25, 24.25, 23.75, 23.75, 23.75, 24.5, 24.0, 24.0, 24.0, 24.25, 24.25, 24.25, 24.25, 24.0, 24.5, 24.5, 24.5, 24.5, 24.25, 24.25, 24.0, 24.75, 25.0, 24.0, 24.25, 25.5, 25.5, 24.5, 24.75, 24.75, 24.75, 25.25, 26.0, 26.0, 26.75, 25.0, 25.0, 25.0, 25.75, 26.0, 26.25, 26.5, 26.25, 25.75, 25.75, 26.0]"
1521010625.52596 "[23.75, 23.5, 24.0, 24.25, 23.75, 23.5, 24.0, 24.25, 23.75, 23.5, 23.75, 24.25, 23.5, 24.25, 23.75, 23.75, 23.75, 23.75, 24.25, 24.25, 23.75, 23.75, 23.75, 24.5, 24.0, 24.0, 24.0, 24.25, 24.25, 24.25, 24.25, 24.0, 24.75, 24.0, 24.25, 24.5, 24.25, 24.25, 24.25, 24.5, 24.25, 24.25, 24.25, 24.75, 25.25, 24.75, 24.5, 24.75, 25.0, 24.75, 26.25, 26.0, 25.75, 25.0, 25.0, 25.25, 25.75, 26.25, 26.75, 26.75, 27.0, 26.0, 26.5, 25.75]"
1521010625.593277 "[24.0, 24.0, 24.25, 23.75, 24.0, 23.75, 24.25, 24.75, 24.0, 23.75, 24.0, 23.75, 23.75, 24.25, 24.25, 24.0, 23.75, 24.25, 23.5, 24.0, 23.75, 23.75, 23.75, 24.5, 24.0, 24.0, 24.25, 24.25, 24.5, 24.0, 24.0, 24.5, 24.75, 24.0, 24.25, 24.5, 24.25, 24.25, 24.25, 24.5, 24.25, 24.25, 24.25, 24.75, 25.25, 24.75, 24.5, 24.75, 25.0, 24.75, 26.25, 26.0, 25.75, 25.0, 25.0, 25.25, 25.75, 26.25, 26.75, 26.75, 27.0, 26.0, 26.5, 25.75]"
1521010625.668286 "[24.0, 24.0, 24.25, 24.5, 23.75, 23.5, 24.75, 24.25, 23.75, 24.0, 24.0, 24.0, 24.0, 24.0, 24.5, 23.5, 24.25, 24.25, 24.25, 24.25, 23.75, 24.0, 24.0, 24.25, 24.5, 24.0, 24.5, 24.0, 24.0, 24.25, 24.5, 24.75, 24.75, 24.5, 24.25, 24.25, 24.25, 24.25, 24.0, 24.5, 24.75, 24.5, 25.25, 24.5, 25.0, 24.5, 24.75, 24.25, 24.75, 25.0, 25.75, 26.25, 25.75, 24.75, 24.25, 25.5, 26.0, 26.0, 26.5, 26.75, 27.0, 26.0, 25.25, 25.75]"
1521010625.736464 "[24.0, 23.75, 24.0, 24.5, 23.75, 23.5, 24.75, 24.25, 23.75, 24.0, 24.0, 24.0, 24.0, 24.0, 24.5, 23.5, 24.25, 24.25, 24.25, 24.25, 23.75, 24.0, 24.0, 24.25, 24.5, 24.0, 24.5, 24.0, 24.0, 24.25, 24.25, 24.25, 24.5, 24.5, 24.5, 24.5, 24.25, 24.25, 24.25, 24.75, 24.5, 24.0, 25.0, 24.5, 25.25, 24.0, 25.0, 24.5, 25.0, 25.0, 25.5, 26.0, 25.5, 25.0, 24.75, 25.25, 26.0, 26.25, 27.5, 26.0, 26.5, 25.75, 25.75, 26.25]"
1521010625.810223 "[24.0, 23.5, 24.25, 23.75, 23.75, 24.0, 24.25, 25.25, 23.75, 23.5, 24.0, 23.5, 23.5, 23.75, 24.25, 23.75, 24.25, 24.25, 24.75, 24.25, 23.75, 23.5, 23.75, 24.25, 24.0, 24.0, 24.25, 24.0, 24.0, 24.25, 24.25, 24.25, 24.5, 24.5, 24.5, 24.5, 24.25, 24.25, 24.25, 24.75, 24.5, 24.0, 25.0, 24.5, 25.25, 24.0, 25.0, 24.5, 25.0, 25.0, 25.5, 26.0, 25.5, 25.0, 24.75, 25.25, 26.0, 26.5, 27.0, 26.25, 26.75, 25.5, 26.25, 25.75]"
1521010625.890438 "[23.5, 23.75, 24.0, 24.0, 23.75, 23.5, 24.25, 24.0, 23.25, 23.5, 24.0, 23.75, 23.5, 24.25, 24.25, 24.25, 24.75, 24.5, 24.25, 24.25, 23.75, 23.75, 23.75, 24.25, 24.25, 23.5, 24.0, 24.25, 24.0, 24.5, 24.25, 24.5, 24.75, 24.25, 24.5, 24.5, 24.0, 24.0, 24.25, 25.0, 24.75, 24.75, 24.75, 24.75, 24.25, 24.5, 24.75, 25.0, 24.75, 25.0, 25.5, 25.75, 25.0, 24.75, 24.75, 25.0, 24.75, 26.5, 27.0, 26.25, 26.75, 25.5, 26.25, 25.75]"
1521010625.970246 "[23.5, 23.75, 24.0, 24.0, 23.75, 23.5, 24.25, 24.0, 23.25, 23.5, 24.0, 23.5, 23.5, 23.75, 24.0, 23.75, 24.5, 24.25, 24.0, 24.5, 23.75, 23.75, 23.25, 24.0, 23.75, 23.75, 23.75, 23.75, 24.0, 24.25, 23.5, 23.75, 24.25, 24.25, 24.25, 24.5, 23.5, 24.25, 24.25, 24.75, 24.5, 24.25, 24.75, 24.75, 24.0, 24.75, 24.75, 24.75, 25.0, 25.0, 26.0, 25.25, 24.75, 25.0, 25.0, 24.75, 25.0, 26.5, 26.75, 26.25, 26.25, 26.0, 25.0, 25.5]"
1521010626.038306 "[23.25, 23.5, 24.0, 24.5, 23.75, 23.5, 24.25, 24.25, 24.0, 23.5, 24.0, 23.5, 23.5, 23.75, 24.0, 23.75, 24.5, 24.25, 24.0, 24.5, 23.75, 23.75, 23.25, 24.0, 23.75, 23.75, 23.75, 23.75, 24.0, 24.25, 23.5, 23.75, 24.25, 24.25, 24.25, 24.5, 23.5, 24.5, 24.25, 24.75, 25.25, 24.5, 24.75, 24.75, 24.5, 24.5, 24.75, 24.75, 24.5, 25.5, 25.75, 25.5, 25.25, 25.0, 24.75, 25.75, 25.75, 26.25, 26.25, 26.25, 25.5, 25.5, 25.75, 25.75]"
1521010626.110563 "[23.5, 24.25, 24.0, 24.25, 23.75, 23.75, 24.0, 24.25, 23.5, 23.5, 23.75, 24.0, 23.25, 24.0, 23.5, 24.25, 24.5, 24.0, 23.75, 24.0, 23.75, 24.0, 23.75, 24.5, 24.5, 24.0, 24.0, 23.5, 24.0, 24.25, 24.0, 24.25, 25.0, 24.5, 24.5, 24.0, 24.0, 24.5, 24.25, 24.75, 25.25, 24.5, 24.75, 24.75, 24.5, 24.5, 24.75, 24.75, 24.5, 25.5, 25.75, 25.5, 25.25, 25.0, 24.75, 25.75, 25.75, 26.25, 26.25, 26.25, 25.5, 25.5, 25.75, 25.75]"
1521010626.17542 "[23.5, 24.25, 24.0, 24.0, 24.0, 23.75, 24.5, 24.5, 23.75, 23.75, 23.75, 24.0, 23.5, 24.5, 24.0, 23.75, 24.5, 24.0, 24.25, 24.25, 23.75, 23.75, 23.75, 24.75, 24.5, 24.25, 24.0, 23.75, 24.0, 24.0, 24.0, 23.75, 24.75, 24.5, 24.0, 24.5, 24.25, 24.0, 24.0, 24.5, 24.5, 24.25, 24.5, 24.5, 24.5, 24.5, 24.75, 25.75, 24.75, 25.0, 25.75, 25.75, 25.0, 25.25, 24.25, 25.0, 26.0, 26.0, 26.25, 25.75, 25.75, 25.75, 25.25, 26.0]"
1521010626.222426 "[24.0, 23.5, 24.0, 24.0, 24.0, 23.75, 24.5, 24.5, 23.75, 23.75, 23.75, 24.0, 23.5, 24.5, 24.0, 23.75, 24.5, 24.0, 24.25, 24.25, 23.75, 23.75, 23.75, 24.75, 24.5, 24.25, 24.0, 23.75, 24.0, 24.0, 24.0, 23.75, 24.75, 24.5, 24.0, 24.5, 24.25, 24.0, 24.0, 24.5, 24.5, 24.25, 24.5, 24.5, 24.5, 24.5, 24.75, 25.75, 24.75, 25.0, 25.75, 25.75, 25.0, 25.25, 24.25, 25.0, 25.75, 26.25, 26.25, 25.75, 26.25, 26.25, 25.75, 25.75]"
1521010626.268294 "[23.75, 23.75, 24.0, 23.75, 23.5, 23.5, 24.25, 24.75, 23.0, 23.5, 23.75, 23.75, 23.5, 24.0, 24.0, 23.75, 24.0, 24.0, 23.75, 24.0, 24.0, 24.0, 23.75, 24.5, 24.25, 24.0, 23.75, 23.75, 24.0, 24.25, 24.0, 24.5, 24.0, 24.5, 24.25, 24.5, 23.75, 24.25, 23.75, 24.5, 24.75, 24.5, 24.25, 24.75, 24.25, 24.25, 24.75, 24.25, 25.0, 25.25, 25.25, 26.0, 25.0, 25.0, 24.5, 25.0, 25.75, 26.25, 26.25, 25.75, 26.25, 26.25, 25.75, 25.75]"
1521010626.309645 "[23.75, 23.75, 24.0, 23.75, 23.5, 23.5, 24.25, 24.75, 23.0, 23.5, 23.75, 23.75, 23.5, 24.0, 24.0, 23.75, 24.0, 24.0, 23.75, 24.0, 24.0, 24.0, 23.75, 24.5, 24.25, 24.0, 23.75, 23.75, 24.0, 24.25, 24.0, 24.5, 24.0, 24.5, 24.25, 24.5, 23.75, 24.25, 23.75, 24.5, 24.75, 24.5, 24.25, 24.75, 24.25, 24.25, 24.75, 24.25, 25.0, 25.25, 25.25, 26.0, 25.0, 25.0, 24.5, 25.0, 25.75, 26.25, 26.25, 25.75, 26.25, 26.25, 25.75, 25.75]"
1521010626.351094 "[23.75, 23.75, 24.0, 23.75, 23.5, 23.5, 24.25, 24.75, 23.0, 23.5, 23.75, 23.75, 23.5, 24.0, 24.0, 23.75, 24.5, 24.25, 24.0, 23.75, 23.75, 23.75, 23.75, 24.25, 24.25, 24.0, 23.75, 23.75, 24.0, 24.25, 24.25, 24.0, 24.75, 24.5, 24.5, 24.0, 24.0, 24.0, 24.0, 24.75, 24.0, 24.25, 24.75, 24.75, 24.5, 24.25, 24.75, 24.75, 25.25, 25.0, 25.75, 26.0, 25.75, 24.75, 25.0, 25.25, 25.5, 26.0, 25.75, 25.5, 26.5, 25.75, 25.5, 26.5]"
1521010626.393579 "[24.0, 23.75, 24.0, 24.0, 24.0, 23.75, 23.5, 24.75, 23.5, 24.0, 24.0, 23.75, 23.5, 23.75, 24.0, 23.75, 24.5, 24.25, 24.0, 23.75, 23.75, 23.75, 23.75, 24.25, 24.25, 24.0, 23.75, 23.75, 24.0, 24.25, 24.25, 24.0, 24.75, 24.5, 24.5, 24.0, 24.0, 24.0, 24.0, 24.75, 24.0, 24.25, 24.75, 24.75, 24.5, 24.25, 24.75, 24.75, 25.25, 25.0, 25.75, 26.0, 25.75, 24.75, 25.0, 25.25, 25.5, 26.0, 25.75, 25.5, 26.5, 25.75, 25.5, 26.5]"
1521010626.435507 "[24.0, 23.75, 24.0, 24.0, 24.0, 23.75, 23.5, 24.75, 23.5, 24.0, 24.0, 23.75, 23.5, 23.75, 24.0, 23.75, 24.5, 24.25, 24.0, 23.75, 23.75, 23.75, 23.75, 24.25, 24.25, 24.0, 23.75, 23.75, 24.0, 24.25, 24.25, 24.0, 24.75, 24.5, 24.5, 24.0, 24.0, 24.0, 24.0, 24.75, 24.0, 24.25, 24.75, 24.75, 24.5, 24.25, 24.75, 25.0, 24.5, 24.5, 25.5, 26.0, 25.25, 25.0, 25.0, 25.25, 25.75, 26.0, 26.0, 25.25, 26.0, 25.5, 25.5, 25.75]"
1521010626.476963 "[23.75, 23.0, 24.0, 23.5, 24.0, 23.25, 23.75, 24.5, 23.75, 23.75, 23.75, 23.5, 23.25, 23.75, 23.75, 23.0, 24.25, 24.0, 24.0, 23.75, 24.0, 23.5, 24.0, 24.5, 23.75, 23.75, 23.75, 23.5, 24.0, 24.0, 23.75, 24.25, 24.5, 24.0, 24.25, 24.25, 24.0, 24.0, 24.25, 24.5, 24.25, 24.0, 24.5, 24.75, 24.5, 24.25, 24.75, 25.0, 24.5, 24.5, 25.5, 26.0, 25.25, 25.0, 25.0, 25.25, 25.75, 26.0, 26.0, 25.25, 26.0, 25.5, 25.5, 25.75]"
1521010626.524325 "[23.75, 23.0, 24.0, 23.5, 24.0, 23.25, 23.75, 24.5, 23.75, 23.75, 23.75, 23.5, 23.25, 23.75, 23.75, 23.0, 24.25, 24.0, 24.0, 23.75, 24.0, 23.5, 24.0, 24.5, 23.75, 23.75, 23.75, 23.5, 24.0, 24.0, 23.75, 24.25, 24.5, 24.0, 24.25, 24.25, 24.0, 24.0, 24.25, 24.5, 24.25, 24.0, 24.5, 24.75, 24.5, 24.25, 24.75, 25.0, 24.5, 24.5, 25.5, 26.0, 25.25, 25.0, 25.0, 25.25, 25.75, 26.0, 26.0, 25.25, 26.0, 25.5, 25.5, 25.75]"
1521010626.565581 "[23.75, 23.0, 24.0, 23.5, 24.0, 23.75, 24.25, 24.75, 23.25, 23.5, 23.5, 23.75, 23.25, 24.25, 23.75, 23.75, 24.25, 24.0, 24.0, 24.25, 23.75, 23.75, 24.0, 24.5, 24.0, 23.5, 24.5, 24.0, 24.5, 24.0, 24.0, 24.0, 24.25, 24.5, 24.25, 24.5, 23.75, 24.25, 23.75, 25.0, 24.25, 24.5, 24.75, 24.75, 24.25, 24.5, 25.0, 25.0, 25.0, 25.25, 26.0, 25.25, 25.5, 25.25, 24.75, 25.25, 25.25, 26.0, 26.0, 25.25, 26.0, 25.75, 26.0, 26.25]"
1521010626.606661 "[24.0, 23.5, 24.5, 23.75, 24.0, 23.75, 24.25, 24.75, 23.25, 23.5, 23.5, 23.75, 23.25, 24.25, 23.75, 23.75, 24.25, 24.0, 24.0, 24.25, 23.75, 23.75, 24.0, 24.5, 24.0, 23.5, 24.5, 24.0, 24.5, 24.0, 24.0, 24.0, 24.25, 24.5, 24.25, 24.5, 23.75, 24.25, 23.75, 25.0, 24.25, 24.5, 24.75, 24.75, 24.25, 24.5, 25.0, 25.0, 25.0, 25.25, 26.0, 25.25, 25.5, 25.25, 24.75, 25.25, 25.25, 26.0, 26.0, 25.25, 26.0, 25.75, 26.0, 26.25]"
1521010626.64781 "[24.0, 23.5, 24.5, 23.75, 24.0, 23.75, 24.25, 24.75, 23.25, 23.5, 23.5, 23.75, 23.25, 24.25, 23.75, 23.75, 24.25, 24.0, 24.0, 24.25, 23.75, 23.75, 24.0, 24.5, 24.0, 23.5, 24.5, 24.0, 24.5, 24.0, 24.0, 24.0, 24.25, 24.5, 24.25, 24.5, 24.0, 24.0, 23.75, 24.5, 25.0, 24.25, 24.5, 24.75, 24.5, 24.25, 24.75, 25.25, 24.75, 25.0, 25.5, 26.25, 25.5, 25.25, 24.75, 25.25, 25.5, 25.75, 25.5, 26.25, 26.0, 25.5, 25.5, 26.0]"
1521010626.688786 "[23.5, 23.5, 24.0, 24.5, 23.75, 23.5, 23.75, 24.25, 24.0, 23.75, 23.75, 24.0, 23.25, 24.0, 24.0, 24.25, 24.5, 24.0, 24.25, 23.75, 24.0, 23.75, 24.0, 24.5, 24.25, 24.0, 23.5, 24.0, 24.25, 24.0, 24.0, 24.0, 24.25, 24.25, 24.25, 24.25, 24.0, 24.0, 23.75, 24.5, 25.0, 24.25, 24.5, 24.75, 24.5, 24.25, 24.75, 25.25, 24.75, 25.0, 25.5, 26.25, 25.5, 25.25, 24.75, 25.25, 25.5, 25.75, 25.5, 26.25, 26.0, 25.5, 25.5, 26.0]"
1521010626.730796 "[23.5, 23.5, 24.0, 24.5, 23.75, 23.5, 23.75, 24.25, 24.0, 23.75, 23.75, 24.0, 23.25, 24.0, 24.0, 24.25, 24.5, 24.0, 24.25, 23.75, 24.0, 23.75, 24.0, 24.5, 24.25, 24.0, 23.5, 24.0, 24.25, 24.0, 24.0, 24.0, 24.25, 24.25, 24.25, 24.25, 24.0, 24.0, 23.75, 24.5, 25.0, 24.25, 24.5, 24.75, 24.5, 24.25, 24.75, 25.25, 24.75, 25.0, 25.5, 26.25, 25.5, 25.25, 24.75, 25.25, 25.5, 25.75, 25.5, 26.25, 26.0, 25.5, 25.5, 26.0]"
1521010626.77181 "[23.5, 23.5, 24.0, 24.5, 23.75, 24.0, 24.25, 24.75, 23.75, 23.5, 23.5, 24.0, 23.75, 24.0, 24.25, 23.5, 24.0, 24.25, 24.25, 23.75, 23.5, 23.75, 24.25, 24.25, 23.75, 24.0, 23.75, 23.5, 24.25, 24.5, 24.0, 23.75, 24.25, 24.0, 24.5, 24.0, 23.75, 24.25, 23.75, 24.75, 24.5, 24.5, 25.0, 24.25, 24.5, 24.25, 24.75, 24.75, 25.0, 25.25, 25.25, 26.0, 26.0, 25.75, 24.5, 25.0, 25.25, 26.5, 25.75, 26.25, 26.5, 26.25, 25.5, 26.25]"
1521010626.812456 "[23.25, 23.5, 24.25, 24.25, 23.75, 24.0, 24.25, 24.75, 23.75, 23.5, 23.5, 24.0, 23.75, 24.0, 24.25, 23.5, 24.0, 24.25, 24.25, 23.75, 23.5, 23.75, 24.25, 24.25, 23.75, 24.0, 23.75, 23.5, 24.25, 24.5, 24.0, 23.75, 24.25, 24.0, 24.5, 24.0, 23.75, 24.25, 23.75, 24.75, 24.5, 24.5, 25.0, 24.25, 24.5, 24.25, 24.75, 24.75, 25.0, 25.25, 25.25, 26.0, 26.0, 25.75, 24.5, 25.0, 25.25, 26.5, 25.75, 26.25, 26.5, 26.25, 25.5, 26.25]"
1521010626.853425 "[23.25, 23.5, 24.25, 24.25, 23.75, 24.0, 24.25, 24.75, 23.75, 23.5, 23.5, 24.0, 23.75, 24.0, 24.25, 23.5, 24.0, 24.25, 24.25, 23.75, 23.5, 23.75, 24.25, 24.25, 23.75, 24.0, 23.75, 23.5, 24.25, 24.5, 24.0, 23.75, 24.25, 24.0, 24.5, 24.0, 23.75, 24.25, 24.5, 24.75, 24.25, 24.75, 24.75, 24.75, 24.0, 24.75, 24.5, 24.5, 24.75, 25.25, 25.5, 26.25, 25.75, 25.25, 24.75, 25.0, 25.75, 26.0, 26.0, 26.75, 26.25, 25.75, 25.75, 25.25]"
1521010626.926033 "[24.0, 23.25, 24.0, 23.5, 24.0, 23.25, 23.75, 24.25, 23.75, 23.75, 23.75, 23.75, 24.0, 24.0, 23.5, 24.0, 23.75, 23.75, 24.0, 24.0, 23.75, 24.25, 23.5, 24.5, 24.0, 23.75, 23.75, 23.75, 24.0, 24.25, 24.0, 23.75, 24.5, 24.0, 24.5, 24.25, 23.75, 24.25, 24.5, 24.75, 24.25, 24.75, 24.75, 24.75, 24.0, 24.75, 24.5, 24.5, 24.75, 25.25, 25.5, 26.25, 25.75, 25.25, 24.75, 25.0, 25.75, 26.0, 26.0, 26.75, 26.25, 25.75, 25.75, 25.25]"
1521010626.996378 "[24.0, 23.25, 24.0, 23.5, 24.0, 23.25, 23.75, 24.25, 23.75, 23.75, 24.0, 24.0, 23.25, 24.0, 24.0, 23.75, 23.75, 23.5, 24.0, 24.0, 23.75, 23.75, 24.0, 24.25, 23.75, 24.0, 23.75, 23.5, 24.0, 24.0, 23.75, 24.0, 24.25, 24.25, 24.0, 24.25, 23.75, 24.5, 24.0, 24.25, 24.25, 24.25, 24.75, 24.5, 24.0, 24.0, 24.75, 24.25, 25.0, 24.75, 26.0, 25.75, 25.5, 24.75, 25.0, 24.75, 25.25, 25.75, 26.25, 26.5, 25.75, 25.5, 25.25, 25.75]"
1521010627.071639 "[23.5, 23.75, 23.75, 23.5, 23.25, 23.5, 23.75, 24.5, 23.5, 23.75, 24.0, 24.0, 23.25, 24.0, 24.0, 23.75, 23.75, 23.5, 24.0, 24.0, 23.75, 23.75, 24.0, 24.25, 23.75, 24.0, 23.75, 23.5, 24.0, 24.0, 23.75, 24.0, 24.25, 24.25, 24.0, 24.25, 23.75, 24.5, 24.0, 24.75, 24.0, 24.5, 24.75, 24.75, 24.5, 24.25, 24.75, 24.75, 25.0, 25.25, 25.75, 26.25, 25.0, 25.0, 24.75, 25.75, 25.25, 25.75, 26.25, 26.5, 26.0, 26.0, 25.25, 26.0]"
1521010627.139122 "[23.75, 23.5, 24.0, 24.0, 23.75, 23.5, 24.0, 24.25, 24.0, 23.5, 23.5, 23.5, 23.25, 23.75, 23.5, 23.75, 24.0, 23.75, 24.0, 24.0, 23.75, 23.5, 23.75, 24.5, 24.0, 23.75, 23.75, 23.75, 24.25, 24.5, 24.0, 24.5, 25.0, 24.75, 24.75, 24.25, 24.5, 24.5, 24.0, 24.75, 24.0, 24.5, 24.75, 24.75, 24.5, 24.25, 24.75, 24.75, 25.0, 25.25, 25.75, 26.25, 25.0, 25.0, 24.75, 25.75, 25.25, 25.75, 26.25, 26.5, 26.0, 26.0, 25.25, 26.0]"
1521010627.219246 "[23.75, 23.5, 24.0, 24.0, 23.75, 23.5, 24.25, 24.75, 23.75, 23.5, 23.5, 23.75, 23.5, 24.0, 24.0, 24.0, 24.25, 24.25, 24.25, 23.75, 23.5, 24.0, 23.75, 24.25, 24.0, 23.75, 24.0, 23.5, 24.5, 23.75, 24.0, 24.0, 24.75, 24.75, 24.25, 24.0, 24.0, 24.0, 23.5, 24.25, 24.75, 24.25, 24.75, 24.75, 24.5, 24.0, 24.5, 24.75, 25.0, 24.75, 25.5, 26.5, 26.0, 25.0, 24.25, 24.75, 25.5, 26.25, 26.25, 26.0, 26.0, 25.25, 25.5, 26.0]"
1521010627.29624 "[23.5, 24.0, 23.75, 24.0, 23.5, 24.0, 24.25, 24.75, 23.75, 23.5, 23.5, 23.75, 23.5, 24.0, 24.0, 24.0, 24.25, 24.25, 24.25, 23.75, 23.5, 24.0, 23.75, 24.25, 24.0, 23.75, 23.75, 23.5, 24.0, 24.25, 24.25, 24.5, 24.25, 24.25, 24.25, 25.0, 23.75, 24.0, 23.75, 24.25, 24.5, 24.25, 24.5, 24.5, 24.75, 24.25, 24.75, 24.75, 24.75, 24.75, 25.5, 26.0, 25.25, 25.0, 24.25, 25.25, 25.75, 26.25, 26.5, 26.25, 26.25, 26.0, 25.25, 26.5]"
1521010627.374404 "[23.5, 23.5, 23.75, 24.0, 24.0, 23.25, 24.0, 24.0, 23.75, 23.75, 24.25, 23.75, 23.5, 24.0, 24.0, 24.0, 23.75, 23.75, 23.75, 24.25, 23.75, 23.75, 24.0, 24.25, 24.0, 23.75, 23.75, 23.5, 24.0, 24.25, 24.25, 24.5, 24.25, 24.25, 24.25, 25.0, 23.75, 24.0, 23.75, 24.25, 24.5, 24.25, 24.5, 24.5, 24.75, 24.25, 24.75, 24.75, 24.5, 25.25, 26.0, 26.0, 25.0, 25.5, 24.75, 25.75, 25.75, 26.0, 26.75, 25.25, 25.5, 25.5, 25.25, 26.0]"
1521010627.450337 "[23.75, 24.0, 24.0, 24.0, 24.0, 23.25, 24.25, 24.5, 23.75, 24.0, 23.5, 23.5, 23.25, 24.0, 23.75, 23.75, 24.0, 23.75, 23.75, 23.75, 24.0, 23.75, 23.75, 24.5, 24.25, 23.75, 24.0, 23.75, 24.0, 24.25, 24.25, 23.75, 24.25, 24.25, 24.75, 24.5, 24.0, 24.25, 24.0, 24.5, 24.5, 24.25, 25.0, 24.5, 24.0, 24.25, 24.75, 24.75, 24.5, 25.25, 26.0, 26.0, 25.0, 25.5, 24.75, 25.75, 25.75, 26.0, 26.75, 25.25, 25.5, 25.5, 25.25, 26.0]"
1521010627.500047 "[23.75, 24.0, 24.0, 24.0, 24.0, 23.25, 24.25, 24.25, 23.5, 23.25, 23.5, 23.75, 23.5, 23.75, 23.75, 23.5, 24.0, 23.75, 24.0, 24.5, 23.5, 23.75, 23.75, 24.25, 23.75, 24.25, 24.0, 24.0, 24.0, 24.25, 23.75, 23.75, 24.5, 24.0, 24.0, 24.25, 24.0, 23.75, 24.25, 24.75, 24.75, 25.0, 24.5, 24.75, 24.0, 24.5, 24.5, 24.75, 25.25, 25.0, 25.5, 26.0, 25.25, 24.75, 24.25, 25.25, 26.25, 26.0, 26.25, 25.25, 26.0, 25.75, 26.0, 25.25]"
1521010627.540183 "[23.5, 23.25, 23.75, 23.75, 24.0, 23.25, 23.75, 24.25, 23.5, 23.25, 23.5, 23.75, 23.5, 23.75, 23.75, 23.5, 24.0, 23.75, 24.0, 24.5, 23.5, 23.75, 23.75, 24.25, 23.75, 24.25, 24.0, 24.0, 24.0, 24.25, 23.75, 23.75, 24.5, 24.0, 24.0, 24.25, 24.0, 23.75, 24.25, 24.75, 24.75, 25.0, 24.5, 24.75, 24.0, 24.5, 24.5, 24.75, 25.25, 25.0, 25.5, 26.0, 25.25, 24.75, 24.25, 25.25, 26.25, 26.0, 26.25, 25.25, 26.0, 25.75, 26.0, 25.25]"
1521010627.58946 "[23.5, 23.25, 23.75, 23.75, 24.0, 23.25, 23.75, 24.25, 23.5, 23.25, 23.5, 23.75, 23.5, 23.75, 23.75, 23.5, 24.0, 23.75, 24.0, 24.5, 23.5, 23.75, 23.75, 24.25, 23.75, 24.25, 24.0, 24.0, 24.0, 24.25, 23.75, 23.75, 24.5, 24.75, 24.5, 24.25, 24.75, 24.25, 24.0, 24.5, 25.0, 24.5, 24.75, 24.25, 24.25, 24.0, 24.75, 24.75, 24.25, 24.5, 25.25, 25.75, 24.75, 24.75, 24.5, 25.0, 25.75, 26.25, 27.0, 25.0, 25.5, 25.5, 25.75, 25.75]"
1521010627.637995 "[23.25, 23.5, 23.75, 24.25, 23.75, 23.5, 24.0, 24.5, 24.0, 23.25, 24.0, 24.0, 23.75, 24.25, 24.25, 23.75, 24.25, 24.0, 24.25, 24.0, 23.75, 23.5, 23.75, 24.25, 24.5, 24.0, 24.0, 24.0, 24.25, 24.0, 24.5, 24.5, 24.5, 24.75, 24.5, 24.25, 24.75, 24.25, 24.0, 24.5, 25.0, 24.5, 24.75, 24.25, 24.25, 24.0, 24.75, 24.75, 24.25, 24.5, 25.25, 25.75, 24.75, 24.75, 24.5, 25.0, 25.75, 26.25, 27.0, 25.0, 25.5, 25.5, 25.75, 25.75]"
1521010627.6801 "[23.25, 23.5, 23.75, 24.25, 23.75, 23.5, 24.0, 24.5, 24.0, 23.25, 24.0, 24.0, 23.75, 24.25, 24.25, 23.75, 24.25, 24.0, 24.25, 24.0, 23.75, 23.5, 23.75, 24.25, 24.5, 24.0, 24.0, 24.0, 24.25, 24.0, 24.5, 24.5, 24.5, 24.75, 24.5, 24.25, 24.75, 24.25, 24.0, 24.5, 24.5, 24.5, 24.75, 25.25, 24.5, 24.0, 24.5, 24.5, 25.0, 25.25, 25.75, 25.0, 25.0, 24.75, 24.25, 24.75, 26.0, 26.0, 25.5, 25.5, 26.0, 25.0, 25.75, 26.0]"
1521010627.720495 "[23.75, 23.75, 24.25, 23.5, 24.0, 23.5, 23.75, 24.25, 24.0, 24.0, 24.0, 24.25, 23.75, 24.25, 23.75, 23.75, 24.25, 23.75, 24.25, 24.0, 24.25, 24.25, 24.0, 24.5, 24.5, 24.0, 23.75, 24.0, 24.0, 24.25, 24.5, 24.0, 24.75, 24.0, 24.75, 24.0, 24.25, 24.25, 24.0, 24.75, 24.5, 24.5, 24.75, 25.25, 24.5, 24.0, 24.5, 24.5, 25.0, 25.25, 25.75, 25.0, 25.0, 24.75, 24.25, 24.75, 26.0, 26.0, 25.5, 25.5, 26.0, 25.0, 25.75, 26.0]"
1521010627.761614 "[23.75, 23.75, 24.25, 23.5, 24.0, 23.5, 23.75, 24.25, 24.0, 24.0, 24.0, 24.25, 23.75, 24.25, 23.75, 23.75, 24.25, 23.75, 24.25, 24.0, 24.25, 24.25, 24.0, 24.5, 24.5, 24.0, 23.75, 24.0, 24.0, 24.25, 24.5, 24.0, 24.75, 24.0, 24.75, 24.0, 24.25, 24.25, 24.0, 24.75, 24.5, 24.5, 24.75, 25.25, 24.5, 24.0, 24.5, 24.5, 25.0, 25.25, 25.75, 25.0, 25.0, 24.75, 24.25, 24.75, 26.0, 26.0, 25.5, 25.5, 26.0, 25.0, 25.75, 26.0]"
1521010627.803001 "[23.75, 23.75, 24.25, 23.5, 24.0, 23.5, 23.75, 24.25, 24.0, 24.0, 23.75, 23.75, 23.5, 24.25, 23.5, 23.75, 24.25, 24.0, 24.25, 23.5, 23.75, 23.75, 24.0, 24.0, 23.75, 24.25, 23.5, 23.5, 23.75, 24.25, 24.25, 24.0, 24.75, 24.25, 24.25, 24.25, 24.0, 24.0, 24.0, 24.5, 24.25, 24.25, 24.75, 24.75, 24.5, 24.0, 24.75, 24.75, 24.25, 24.5, 25.25, 25.0, 24.5, 24.75, 24.75, 25.5, 25.5, 25.75, 25.25, 25.0, 26.0, 26.0, 25.75, 25.5]"
1521010627.843591 "[23.25, 23.75, 24.0, 23.75, 23.5, 23.5, 24.0, 24.0, 23.75, 23.75, 23.75, 23.75, 23.5, 24.25, 23.5, 23.75, 24.25, 24.0, 24.25, 23.5, 23.75, 23.75, 24.0, 24.0, 23.75, 24.25, 23.5, 23.5, 23.75, 24.25, 24.25, 24.0, 24.75, 24.25, 24.25, 24.25, 24.0, 24.0, 24.0, 24.5, 24.25, 24.25, 24.75, 24.75, 24.5, 24.0, 24.75, 24.75, 24.25, 24.5, 25.25, 25.0, 24.5, 24.75, 24.75, 25.5, 25.5, 25.75, 25.25, 25.0, 26.0, 26.0, 25.75, 25.5]"
1521010627.884199 "[23.25, 23.75, 24.0, 23.75, 23.5, 23.5, 24.0, 24.0, 23.75, 23.75, 23.75, 23.75, 23.5, 24.25, 23.5, 23.75, 24.25, 24.0, 24.25, 23.5, 23.75, 23.75, 24.0, 24.0, 23.75, 24.25, 23.5, 23.5, 23.75, 24.25, 24.25, 24.0, 24.75, 24.25, 24.25, 24.25, 24.0, 24.0, 24.0, 24.5, 24.25, 24.25, 24.75, 24.75, 24.25, 24.25, 24.75, 24.75, 24.5, 25.0, 25.5, 24.75, 24.75, 24.75, 24.75, 25.25, 25.5, 26.0, 25.25, 25.25, 26.0, 25.5, 25.0, 26.25]"
1521010627.926084 "[24.25, 24.0, 23.75, 24.0, 24.0, 23.5, 24.0, 24.25, 23.75, 23.5, 24.25, 24.0, 23.5, 24.0, 24.0, 24.0, 24.5, 24.25, 24.25, 24.0, 24.0, 23.75, 23.5, 24.0, 24.0, 23.75, 24.25, 23.75, 24.0, 24.25, 23.5, 24.25, 24.5, 24.25, 24.25, 24.25, 24.0, 24.5, 24.0, 24.75, 24.5, 24.5, 24.75, 25.0, 24.25, 24.25, 24.75, 24.75, 24.5, 25.0, 25.5, 24.75, 24.75, 24.75, 24.75, 25.25, 25.5, 26.0, 25.25, 25.25, 26.0, 25.5, 25.0, 26.25]"
1521010627.966637 "[24.25, 24.0, 23.75, 24.0, 24.0, 23.5, 24.0, 24.25, 23.75, 23.5, 24.25, 24.0, 23.5, 24.0, 24.0, 24.0, 24.5, 24.25, 24.25, 24.0, 24.0, 23.75, 23.5, 24.0, 24.0, 23.75, 24.25, 23.75, 24.0, 24.25, 23.5, 24.25, 24.5, 24.25, 24.25, 24.25, 24.0, 24.5, 24.0, 24.75, 24.5, 24.5, 24.75, 25.0, 24.25, 24.25, 24.75, 24.75, 24.5, 25.0, 25.5, 24.75, 24.75, 24.75, 24.75, 25.25, 25.5, 26.0, 25.25, 25.25, 26.0, 25.5, 25.0, 26.25]"
1521010628.008938 "[24.25, 24.0, 23.75, 24.0, 24.0, 23.5, 24.0, 24.25, 23.75, 23.5, 24.25, 24.0, 23.5, 24.0, 23.75, 23.75, 23.75, 23.75, 23.75, 24.25, 23.75, 23.75, 23.75, 25.0, 23.5, 24.25, 23.75, 23.5, 24.0, 24.0, 24.0, 24.25, 24.0, 24.5, 24.0, 24.25, 23.5, 24.25, 23.75, 24.5, 24.5, 24.5, 24.0, 24.25, 24.0, 24.0, 24.5, 24.5, 24.75, 24.25, 25.25, 24.75, 24.75, 24.0, 24.25, 25.25, 26.25, 24.75, 25.0, 25.0, 25.5, 25.75, 25.5, 25.5]"
1521010628.050366 "[24.0, 23.75, 24.25, 23.75, 23.5, 23.25, 24.0, 24.0, 23.25, 23.5, 23.75, 24.0, 23.0, 24.0, 23.75, 23.75, 23.75, 23.75, 23.75, 24.25, 23.75, 23.75, 23.75, 25.0, 23.5, 24.25, 23.75, 23.5, 24.0, 24.0, 24.0, 24.25, 24.0, 24.5, 24.0, 24.25, 23.5, 24.25, 23.75, 24.5, 24.5, 24.5, 24.0, 24.25, 24.0, 24.0, 24.5, 24.5, 24.75, 24.25, 25.25, 24.75, 24.75, 24.0, 24.25, 25.25, 26.25, 24.75, 25.0, 25.0, 25.5, 25.75, 25.5, 25.5]"
1521010628.090288 "[24.0, 23.75, 24.25, 23.75, 23.5, 23.25, 24.0, 24.0, 23.25, 23.5, 23.75, 24.0, 23.0, 24.0, 23.75, 23.75, 23.75, 23.75, 23.75, 24.25, 23.75, 23.75, 23.75, 25.0, 23.5, 24.25, 23.75, 23.5, 24.0, 24.0, 24.0, 24.25, 24.0, 24.5, 24.0, 24.25, 23.5, 24.25, 23.75, 24.5, 24.5, 24.5, 24.0, 24.25, 24.0, 24.25, 24.5, 24.5, 25.0, 24.75, 25.25, 25.0, 24.25, 25.0, 24.5, 25.25, 25.0, 24.75, 25.5, 25.0, 25.5, 25.75, 25.25, 26.25]"
1521010628.131337 "[23.75, 23.5, 23.75, 23.5, 23.25, 23.0, 23.75, 24.5, 23.25, 23.25, 23.75, 23.5, 23.5, 24.0, 24.0, 23.5, 24.0, 24.25, 24.25, 24.0, 24.0, 23.75, 24.0, 24.25, 24.0, 24.5, 23.75, 23.25, 23.75, 24.0, 23.75, 24.0, 24.25, 24.25, 24.5, 24.0, 24.0, 23.75, 24.0, 24.0, 24.5, 24.5, 24.0, 24.25, 23.75, 24.25, 24.5, 24.5, 25.0, 24.75, 25.25, 25.0, 24.25, 25.0, 24.5, 25.25, 25.0, 24.75, 25.5, 25.0, 25.5, 25.75, 25.25, 26.25]"
1521010628.178056 "[23.75, 23.5, 23.75, 23.5, 23.25, 23.0, 23.75, 24.5, 23.25, 23.25, 23.75, 23.5, 23.5, 24.0, 24.0, 23.5, 24.0, 24.25, 24.25, 24.0, 24.0, 23.75, 24.0, 24.25, 24.0, 24.5, 23.75, 23.25, 23.75, 24.0, 23.75, 24.0, 24.25, 24.25, 24.5, 24.0, 24.0, 23.75, 24.0, 24.0, 24.5, 24.5, 24.0, 24.25, 23.75, 24.25, 24.5, 24.5, 25.0, 24.75, 25.25, 25.0, 24.25, 25.0, 24.5, 25.25, 25.0, 24.75, 25.5, 25.0, 25.5, 25.75, 25.25, 26.25]"
1521010628.24436 "[23.75, 23.5, 23.75, 23.5, 23.5, 23.5, 23.75, 24.25, 24.0, 23.5, 23.5, 24.25, 23.5, 23.75, 24.25, 23.5, 24.5, 23.75, 23.75, 24.25, 23.75, 23.25, 23.75, 24.25, 24.0, 24.0, 24.25, 23.75, 24.0, 24.0, 23.75, 24.0, 24.75, 24.0, 24.5, 24.25, 23.5, 24.25, 23.5, 24.75, 24.25, 24.5, 24.5, 24.0, 24.0, 24.25, 24.75, 24.75, 24.75, 25.0, 24.75, 25.0, 25.0, 24.75, 24.75, 25.0, 25.25, 25.25, 25.25, 24.75, 25.75, 25.25, 25.5, 25.75]"
1521010628.312666 "[23.25, 24.0, 24.0, 23.5, 23.5, 23.5, 23.75, 24.25, 24.0, 23.5, 23.5, 24.25, 23.5, 23.75, 24.25, 23.5, 24.5, 23.75, 23.75, 24.25, 23.75, 23.25, 23.75, 24.25, 24.0, 24.0, 24.25, 23.75, 24.0, 24.0, 23.75, 24.0, 24.75, 24.0, 24.5, 24.25, 23.5, 24.0, 24.25, 24.5, 24.5, 24.75, 24.25, 24.25, 24.0, 24.25, 24.25, 25.0, 24.75, 24.75, 24.5, 24.5, 24.75, 24.75, 24.75, 25.25, 25.5, 25.75, 25.25, 25.0, 25.75, 25.5, 25.5, 26.0]"
1521010628.379807 "[23.5, 23.75, 24.0, 24.25, 23.5, 23.25, 24.0, 24.25, 23.5, 23.75, 24.25, 23.5, 23.75, 24.0, 24.25, 24.0, 24.5, 24.0, 24.25, 24.0, 23.75, 23.75, 23.75, 24.5, 24.25, 23.75, 24.5, 23.75, 24.0, 24.75, 24.5, 23.5, 24.25, 24.25, 24.5, 24.25, 24.0, 24.0, 24.25, 24.5, 24.5, 24.75, 24.25, 24.25, 24.0, 24.25, 24.25, 25.0, 24.75, 24.75, 24.5, 24.5, 24.75, 24.75, 24.75, 25.25, 25.5, 25.75, 25.25, 25.0, 25.75, 25.5, 25.5, 26.0]"
1521010628.422436 "[23.5, 23.75, 24.0, 24.25, 23.5, 23.25, 24.0, 24.25, 23.5, 23.75, 24.25, 23.5, 23.75, 24.0, 24.0, 24.0, 24.0, 23.75, 24.25, 24.25, 23.75, 23.75, 23.5, 24.25, 23.75, 23.5, 23.75, 23.5, 24.25, 24.0, 24.25, 24.5, 24.25, 24.25, 24.75, 24.0, 23.5, 24.25, 24.0, 24.75, 24.5, 24.25, 24.75, 24.25, 23.75, 24.25, 24.75, 24.75, 24.75, 24.5, 25.0, 25.25, 24.5, 25.0, 24.5, 25.5, 25.25, 25.0, 25.25, 25.25, 25.5, 25.5, 25.5, 25.5]"
1521010628.471446 "[23.5, 23.5, 24.0, 23.75, 23.5, 23.5, 24.25, 23.75, 23.75, 23.5, 23.5, 23.75, 23.5, 23.75, 24.0, 24.0, 24.0, 23.75, 24.25, 24.25, 23.75, 23.75, 23.5, 24.25, 23.75, 23.5, 23.75, 23.5, 24.25, 24.0, 24.25, 24.5, 24.25, 24.25, 24.75, 24.0, 23.5, 24.25, 24.0, 24.75, 24.5, 24.25, 24.75, 24.25, 23.75, 24.25, 24.75, 24.75, 24.75, 24.5, 25.0, 25.25, 24.5, 25.0, 24.5, 25.5, 25.25, 25.0, 25.25, 25.25, 25.5, 25.5, 25.5, 25.5]"
1521010628.5182 "[23.5, 23.5, 24.0, 23.75, 23.5, 23.5, 24.25, 23.75, 23.75, 23.5, 23.5, 23.75, 23.5, 23.75, 24.0, 24.0, 24.0, 23.75, 24.25, 24.25, 23.75, 23.75, 23.5, 24.25, 23.75, 23.5, 23.75, 23.5, 24.25, 24.25, 24.0, 24.0, 24.25, 24.5, 24.25, 24.0, 24.0, 24.5, 23.75, 24.5, 25.0, 24.25, 24.5, 24.0, 24.0, 24.0, 24.5, 24.75, 24.5, 25.0, 25.0, 25.0, 24.75, 24.5, 24.75, 25.0, 25.0, 25.5, 25.5, 25.0, 25.25, 25.5, 25.0, 25.75]"
1521010628.561896 "[23.5, 23.75, 24.0, 23.75, 24.0, 23.75, 24.0, 24.25, 23.5, 23.5, 23.75, 24.25, 23.5, 24.0, 24.0, 23.5, 23.75, 23.5, 24.0, 24.5, 24.0, 23.75, 23.5, 25.0, 23.75, 23.5, 23.5, 23.75, 24.5, 24.25, 24.0, 24.0, 24.25, 24.5, 24.25, 24.0, 24.0, 24.5, 23.75, 24.5, 25.0, 24.25, 24.5, 24.0, 24.0, 24.0, 24.5, 24.75, 24.5, 25.0, 25.0, 25.0, 24.75, 24.5, 24.75, 25.0, 25.0, 25.5, 25.5, 25.0, 25.25, 25.5, 25.0, 25.75]"
1521010628.60587 "[23.5, 23.75, 24.0, 23.75, 24.0, 23.75, 24.0, 24.25, 23.5, 23.5, 23.75, 24.25, 23.5, 24.0, 24.0, 23.5, 23.75, 23.5, 24.0, 24.5, 24.0, 23.75, 23.5, 25.0, 23.75, 23.5, 23.5, 23.75, 24.5, 24.25, 24.0, 24.0, 24.25, 24.5, 24.25, 24.0, 24.0, 24.5, 23.75, 24.5, 25.0, 24.25, 24.5, 24.0, 24.0, 24.0, 24.5, 24.75, 24.5, 25.25, 24.5, 24.75, 24.5, 24.5, 24.75, 25.0, 25.75, 25.25, 25.25, 25.0, 25.75, 25.25, 25.5, 26.0]"
1521010628.647658 "[23.5, 23.75, 24.0, 23.75, 23.75, 23.25, 24.0, 24.0, 23.5, 23.25, 24.5, 23.75, 23.5, 24.0, 23.75, 23.5, 24.25, 24.25, 24.25, 24.0, 23.75, 24.25, 24.25, 24.25, 23.75, 24.0, 24.0, 23.75, 24.0, 24.25, 24.0, 24.0, 24.25, 24.25, 24.0, 24.0, 23.75, 24.25, 24.0, 24.5, 24.25, 24.5, 24.25, 24.5, 24.0, 24.0, 24.5, 24.75, 24.5, 25.25, 24.5, 24.75, 24.5, 24.5, 24.75, 25.0, 25.75, 25.25, 25.25, 25.0, 25.75, 25.25, 25.5, 26.0]"
1521010628.689444 "[23.5, 23.75, 24.0, 23.75, 23.75, 23.25, 24.0, 24.0, 23.5, 23.25, 24.5, 23.75, 23.5, 24.0, 23.75, 23.5, 24.25, 24.25, 24.25, 24.0, 23.75, 24.25, 24.25, 24.25, 23.75, 24.0, 24.0, 23.75, 24.0, 24.25, 24.0, 24.0, 24.25, 24.25, 24.0, 24.0, 23.75, 24.25, 24.0, 24.5, 24.25, 24.5, 24.25, 24.5, 24.0, 24.0, 24.5, 24.75, 24.5, 25.25, 24.5, 24.75, 24.5, 24.5, 24.75, 25.0, 25.75, 25.25, 25.25, 25.0, 25.75, 25.25, 25.5, 26.0]"
1521010628.729622 "[23.5, 23.75, 24.0, 23.75, 23.75, 23.25, 24.0, 24.0, 23.5, 23.25, 24.5, 23.75, 23.5, 24.0, 23.75, 23.75, 24.25, 24.25, 24.0, 24.0, 23.75, 23.75, 23.75, 24.25, 24.0, 23.5, 23.75, 23.75, 24.0, 24.0, 24.25, 24.25, 24.5, 23.75, 24.0, 24.0, 23.5, 24.0, 24.0, 24.25, 24.25, 24.5, 24.25, 24.25, 24.25, 24.25, 24.25, 24.5, 25.25, 24.5, 25.0, 24.75, 24.5, 24.75, 24.5, 25.25, 25.5, 25.0, 25.5, 25.25, 25.75, 25.75, 26.0, 26.0]"
1521010628.77203 "[23.5, 23.75, 24.0, 24.0, 23.25, 23.75, 23.75, 23.75, 23.75, 24.0, 23.75, 23.5, 23.75, 24.5, 24.0, 23.75, 24.25, 24.25, 24.0, 24.0, 23.75, 23.75, 23.75, 24.25, 24.0, 23.5, 23.75, 23.75, 24.0, 24.0, 24.25, 24.25, 24.5, 23.75, 24.0, 24.0, 23.5, 24.0, 24.0, 24.25, 24.25, 24.5, 24.25, 24.25, 24.25, 24.25, 24.25, 24.5, 25.25, 24.5, 25.0, 24.75, 24.5, 24.75, 24.5, 25.25, 25.5, 25.0, 25.5, 25.25, 25.75, 25.75, 26.0, 26.0]"
1521010628.813204 "[23.5, 23.75, 24.0, 24.0, 23.25, 23.75, 23.75, 23.75, 23.75, 24.0, 23.75, 23.5, 23.75, 24.5, 24.0, 23.75, 24.25, 24.25, 24.0, 24.0, 23.75, 23.75, 23.75, 24.25, 24.0, 23.5, 23.75, 23.75, 24.0, 24.0, 24.25, 24.25, 24.5, 23.75, 24.0, 24.0, 23.5, 24.0, 24.0, 24.25, 24.25, 24.5, 24.25, 24.25, 24.25, 24.25, 24.5, 24.25, 24.75, 25.0, 25.0, 25.25, 24.75, 24.5, 24.75, 25.5, 25.0, 25.25, 25.25, 25.25, 25.5, 25.25, 25.0, 26.5]"
1521010628.853405 "[23.75, 23.25, 24.0, 23.25, 23.5, 23.75, 23.75, 24.5, 24.25, 24.0, 23.75, 24.0, 23.25, 24.0, 24.0, 23.5, 24.5, 24.5, 24.0, 24.25, 23.75, 23.5, 23.75, 24.5, 24.5, 24.25, 24.5, 23.75, 24.25, 24.0, 24.5, 24.5, 24.75, 24.5, 24.0, 24.25, 24.25, 24.25, 24.0, 24.75, 24.5, 24.25, 24.5, 24.25, 24.0, 24.25, 24.5, 24.25, 24.75, 25.0, 25.0, 25.25, 24.75, 24.5, 24.75, 25.5, 25.0, 25.25, 25.25, 25.25, 25.5, 25.25, 25.0, 26.5]"
1521010628.895627 "[23.75, 23.25, 24.0, 23.25, 23.5, 23.75, 23.75, 24.5, 24.25, 24.0, 23.75, 24.0, 23.25, 24.0, 24.0, 23.5, 24.5, 24.5, 24.0, 24.25, 23.75, 23.5, 23.75, 24.5, 24.5, 24.25, 24.5, 23.75, 24.25, 24.0, 24.5, 24.5, 24.75, 24.5, 24.0, 24.25, 24.25, 24.25, 24.0, 24.75, 24.5, 24.25, 24.5, 24.25, 24.0, 24.25, 24.5, 24.25, 24.75, 25.0, 25.0, 25.25, 24.75, 24.5, 24.75, 25.5, 25.0, 25.25, 25.25, 25.25, 25.5, 25.25, 25.0, 26.5]"
1521010628.93766 "[23.75, 23.25, 24.0, 23.25, 23.5, 23.75, 23.75, 24.5, 24.25, 24.0, 23.75, 24.0, 23.25, 24.0, 24.0, 24.0, 24.25, 23.75, 23.75, 24.0, 24.0, 23.5, 24.0, 23.75, 24.25, 23.5, 23.5, 23.75, 24.0, 23.75, 24.0, 24.0, 24.75, 24.0, 24.5, 24.5, 24.0, 24.5, 24.0, 24.25, 24.5, 24.25, 24.5, 24.25, 24.25, 24.25, 24.25, 24.75, 25.25, 24.75, 24.75, 25.0, 24.75, 24.25, 24.5, 25.0, 25.0, 25.5, 26.25, 25.25, 25.25, 25.25, 25.5, 25.5]"
1521010628.977776 "[23.5, 23.75, 23.5, 24.0, 23.75, 23.5, 23.75, 24.5, 23.25, 23.75, 23.5, 23.75, 23.75, 23.75, 24.0, 24.0, 24.25, 23.75, 23.75, 24.0, 24.0, 23.5, 24.0, 23.75, 24.25, 23.5, 23.5, 23.75, 24.0, 23.75, 24.0, 24.0, 24.75, 24.0, 24.5, 24.5, 24.0, 24.5, 24.0, 24.25, 24.5, 24.25, 24.5, 24.25, 24.25, 24.25, 24.25, 24.75, 25.25, 24.75, 24.75, 25.0, 24.75, 24.25, 24.5, 25.0, 25.0, 25.5, 26.25, 25.25, 25.25, 25.25, 25.5, 25.5]"
1521010629.020168 "[23.5, 23.75, 23.5, 24.0, 23.75, 23.5, 23.75, 24.5, 23.25, 23.75, 23.5, 23.75, 23.75, 23.75, 24.0, 24.0, 24.25, 23.75, 23.75, 24.0, 24.0, 23.5, 24.0, 23.75, 24.25, 23.5, 23.5, 23.75, 24.0, 23.75, 24.0, 24.0, 24.75, 24.0, 24.5, 24.5, 24.0, 24.5, 24.0, 24.25, 24.5, 24.25, 24.5, 24.25, 24.25, 24.25, 25.0, 24.75, 24.75, 24.5, 24.5, 25.0, 24.75, 25.0, 24.75, 25.0, 25.25, 25.5, 25.25, 25.0, 25.0, 25.5, 25.75, 26.25]"
1521010629.06125 "[24.25, 23.5, 24.0, 24.0, 23.5, 23.75, 24.25, 24.25, 23.75, 23.5, 23.5, 24.0, 23.5, 24.25, 23.75, 23.5, 24.5, 23.75, 23.75, 24.25, 23.5, 23.75, 23.75, 24.25, 24.25, 24.0, 23.75, 23.5, 24.0, 24.25, 23.75, 23.75, 24.75, 23.75, 24.0, 23.75, 24.0, 24.25, 24.0, 24.75, 24.75, 24.75, 24.5, 24.75, 24.0, 24.75, 25.0, 24.75, 24.75, 24.5, 24.5, 25.0, 24.75, 25.0, 24.75, 25.0, 25.25, 25.5, 25.25, 25.0, 25.0, 25.5, 25.75, 26.25]"
1521010629.119792 "[24.25, 23.5, 24.0, 24.0, 23.5, 23.75, 24.25, 24.25, 23.75, 23.5, 23.5, 24.0, 23.5, 24.25, 23.75, 23.5, 24.5, 23.75, 23.75, 24.25, 23.5, 23.75, 23.75, 24.25, 24.25, 24.0, 23.75, 23.5, 24.0, 24.25, 23.75, 23.75, 24.75, 23.75, 24.0, 23.75, 24.0, 24.25, 24.0, 24.75, 24.75, 24.75, 24.5, 24.75, 24.0, 24.75, 25.0, 24.75, 24.75, 24.5, 24.5, 25.0, 24.75, 25.0, 24.75, 25.0, 25.25, 25.25, 25.25, 25.75, 25.0, 25.5, 25.25, 25.75]"
1521010629.191964 "[23.75, 24.0, 24.25, 23.75, 23.5, 23.5, 24.0, 23.75, 23.75, 23.75, 23.75, 24.25, 23.5, 24.0, 24.0, 23.75, 24.75, 24.25, 23.75, 24.0, 23.5, 23.75, 23.75, 24.25, 24.25, 23.5, 24.0, 24.0, 24.25, 24.25, 24.0, 24.25, 24.5, 24.25, 24.5, 24.5, 24.0, 24.25, 24.0, 24.5, 24.25, 25.0, 24.25, 24.5, 24.0, 24.25, 24.75, 25.0, 24.5, 25.25, 25.0, 25.0, 24.75, 25.0, 24.5, 25.5, 25.0, 25.25, 25.25, 25.75, 25.0, 25.5, 25.25, 25.75]"
1521010629.263499 "[23.75, 24.0, 24.25, 23.75, 23.5, 23.5, 24.0, 23.75, 23.75, 23.75, 23.75, 24.25, 23.5, 24.0, 24.0, 23.75, 24.75, 24.25, 23.75, 24.0, 23.75, 24.0, 23.5, 24.25, 24.25, 23.75, 23.75, 23.75, 24.0, 24.0, 24.0, 24.25, 24.5, 24.5, 24.25, 24.0, 24.0, 24.5, 24.0, 25.0, 24.25, 24.25, 24.0, 24.75, 24.25, 24.25, 25.0, 24.75, 25.25, 25.0, 25.5, 25.0, 24.25, 24.75, 25.0, 25.25, 24.75, 25.75, 25.5, 25.25, 25.5, 25.75, 25.75, 25.5]"
1521010629.336967 "[23.75, 23.5, 24.0, 24.25, 23.5, 23.5, 24.5, 24.75, 23.5, 23.5, 24.0, 24.0, 24.0, 23.75, 23.75, 24.5, 24.25, 24.0, 24.0, 24.0, 23.75, 24.0, 23.5, 24.25, 24.25, 23.75, 23.75, 23.75, 24.0, 24.0, 24.0, 24.25, 24.5, 24.5, 24.25, 24.0, 24.0, 24.5, 24.0, 25.0, 24.25, 24.25, 24.0, 24.75, 24.25, 24.25, 25.0, 24.75, 25.0, 24.5, 25.25, 25.0, 24.75, 24.75, 25.0, 25.25, 26.0, 25.25, 25.25, 25.25, 25.5, 25.5, 25.5, 25.75]"
1521010629.394713 "[24.0, 23.5, 23.75, 24.25, 23.75, 23.5, 24.5, 24.25, 23.75, 23.75, 23.75, 24.0, 23.75, 24.0, 23.5, 23.75, 24.75, 23.75, 24.0, 24.0, 24.0, 24.0, 23.5, 24.0, 24.0, 24.0, 24.0, 23.75, 24.5, 24.0, 24.0, 24.5, 25.25, 24.5, 24.25, 24.25, 24.0, 24.0, 24.5, 24.25, 24.5, 24.25, 24.5, 24.75, 24.25, 24.75, 24.5, 25.0, 25.0, 24.5, 25.25, 25.0, 24.75, 24.75, 25.0, 25.25, 26.0, 25.25, 25.25, 25.25, 25.5, 25.5, 25.5, 25.75]"
1521010629.437799 "[24.0, 23.5, 23.75, 24.25, 23.75, 23.5, 24.5, 24.25, 23.75, 23.75, 23.75, 24.0, 23.75, 24.0, 23.5, 23.75, 24.75, 23.75, 24.0, 24.0, 24.0, 24.0, 23.5, 24.0, 24.0, 24.0, 24.0, 23.75, 24.5, 24.0, 24.0, 24.5, 25.25, 24.5, 24.25, 24.25, 24.0, 24.0, 24.5, 24.25, 25.0, 24.25, 24.5, 24.25, 24.5, 24.0, 24.75, 25.25, 24.75, 24.75, 25.0, 25.25, 24.75, 24.5, 25.0, 25.5, 25.5, 25.25, 25.0, 24.75, 25.25, 25.5, 25.25, 25.5]"
1521010629.479199 "[24.0, 23.25, 24.0, 23.75, 23.75, 23.75, 23.75, 24.75, 23.75, 24.25, 23.75, 24.25, 23.5, 24.0, 24.0, 24.0, 24.25, 24.25, 24.25, 23.75, 23.75, 24.0, 23.75, 24.25, 23.75, 24.25, 23.75, 23.75, 24.0, 24.5, 24.25, 24.25, 24.25, 24.0, 24.25, 24.5, 24.0, 24.25, 24.0, 24.75, 25.0, 24.25, 24.5, 24.25, 24.5, 24.0, 24.75, 25.25, 24.75, 24.75, 25.0, 25.25, 24.75, 24.5, 25.0, 25.5, 25.5, 25.25, 25.0, 24.75, 25.25, 25.5, 25.25, 25.5]"
1521010629.523717 "[24.0, 23.25, 24.0, 23.75, 23.75, 23.75, 23.75, 24.75, 23.75, 24.25, 23.75, 24.25, 23.5, 24.0, 24.0, 24.0, 24.25, 24.25, 24.25, 23.75, 23.75, 24.0, 23.75, 24.25, 23.75, 24.25, 23.75, 23.75, 24.0, 24.5, 24.25, 24.25, 24.25, 24.0, 24.25, 24.5, 24.0, 24.25, 24.0, 24.75, 25.0, 24.25, 24.5, 24.25, 24.5, 24.0, 24.75, 25.25, 24.75, 24.75, 25.0, 25.25, 24.75, 24.5, 25.0, 25.5, 25.5, 25.25, 25.0, 24.75, 25.25, 25.5, 25.25, 25.5]"
1521010629.56518 "[24.0, 23.25, 24.0, 24.0, 23.75, 23.0, 24.5, 24.5, 23.5, 24.0, 23.75, 24.0, 23.5, 24.25, 24.0, 23.75, 24.5, 24.0, 24.25, 24.0, 23.75, 24.0, 23.5, 24.25, 24.25, 24.0, 24.0, 24.0, 24.0, 24.25, 24.25, 24.25, 24.25, 24.5, 24.25, 24.0, 24.0, 24.25, 23.75, 24.5, 24.25, 24.0, 24.5, 24.5, 24.25, 24.0, 24.5, 25.25, 25.25, 24.5, 25.0, 24.75, 24.25, 25.0, 24.25, 25.25, 25.25, 25.75, 25.5, 25.75, 25.25, 25.0, 25.5, 25.75]"
1521010629.606023 "[23.75, 23.5, 24.25, 24.0, 23.75, 23.0, 24.5, 24.5, 23.5, 24.0, 23.75, 24.0, 23.5, 24.25, 24.0, 23.75, 24.5, 24.0, 24.25, 24.0, 23.75, 24.0, 23.5, 24.25, 24.25, 24.0, 24.0, 24.0, 24.0, 24.25, 24.25, 24.25, 24.25, 24.5, 24.25, 24.0, 24.0, 24.25, 23.75, 24.5, 24.25, 24.0, 24.5, 24.5, 24.25, 24.0, 24.5, 25.25, 25.25, 24.5, 25.0, 24.75, 24.25, 25.0, 24.25, 25.25, 25.25, 25.75, 25.5, 25.75, 25.25, 25.0, 25.5, 25.75]"
1521010629.652046 "[23.75, 23.5, 24.25, 24.0, 23.75, 23.0, 24.5, 24.5, 23.5, 24.0, 23.75, 24.0, 23.5, 24.25, 24.0, 23.75, 24.5, 24.0, 24.25, 24.0, 23.75, 24.0, 23.5, 24.25, 24.25, 24.0, 24.0, 24.0, 24.0, 24.0, 24.25, 24.0, 24.5, 24.5, 24.75, 24.5, 24.0, 24.0, 24.0, 24.5, 24.5, 24.25, 24.5, 24.75, 24.0, 24.0, 24.75, 24.5, 24.75, 25.0, 25.25, 25.0, 24.75, 24.75, 25.0, 25.0, 25.25, 25.0, 25.25, 24.75, 25.25, 25.5, 25.5, 25.5]"
1521010629.697186 "[23.5, 23.5, 24.0, 23.75, 23.75, 23.75, 24.0, 24.25, 23.5, 23.75, 24.0, 24.0, 23.25, 24.0, 23.75, 24.0, 24.0, 24.0, 24.0, 23.75, 23.75, 24.0, 23.5, 24.75, 24.25, 23.75, 24.0, 24.0, 24.0, 24.0, 24.25, 24.0, 24.5, 24.5, 24.75, 24.5, 24.0, 24.0, 24.0, 24.5, 24.5, 24.25, 24.5, 24.75, 24.0, 24.0, 24.75, 24.5, 24.75, 25.0, 25.25, 25.0, 24.75, 24.75, 25.0, 25.0, 25.25, 25.0, 25.25, 24.75, 25.25, 25.5, 25.5, 25.5]"
1521010629.739678 "[23.5, 23.5, 24.0, 23.75, 23.75, 23.75, 24.0, 24.25, 23.5, 23.75, 24.0, 24.0, 23.25, 24.0, 23.75, 24.0, 24.0, 24.0, 24.0, 23.75, 23.75, 24.0, 23.5, 24.75, 24.25, 23.75, 24.0, 24.0, 24.0, 24.0, 24.25, 24.0, 24.5, 24.5, 24.75, 24.5, 24.0, 24.0, 24.0, 24.5, 24.5, 24.25, 24.5, 24.75, 24.0, 24.0, 24.75, 24.5, 24.75, 25.0, 25.25, 25.0, 24.75, 24.75, 25.0, 25.0, 25.75, 25.5, 25.25, 25.5, 25.5, 26.0, 25.25, 26.25]"
1521010629.780219 "[24.25, 23.25, 24.25, 24.0, 23.75, 23.5, 23.75, 24.75, 23.25, 23.75, 24.0, 23.75, 23.5, 24.5, 24.0, 24.5, 24.0, 24.5, 24.25, 24.25, 23.75, 23.75, 24.0, 24.75, 23.75, 23.75, 23.5, 23.75, 24.0, 24.0, 24.25, 24.0, 25.0, 24.25, 24.25, 24.0, 24.0, 24.25, 24.0, 24.75, 24.5, 24.25, 24.5, 24.5, 24.0, 24.0, 24.5, 24.75, 24.25, 24.75, 25.25, 25.0, 24.5, 25.0, 25.0, 25.0, 25.75, 25.5, 25.25, 25.5, 25.5, 26.0, 25.25, 26.25]"
1521010629.821375 "[24.25, 23.25, 24.25, 24.0, 23.75, 23.5, 23.75, 24.75, 23.25, 23.75, 24.0, 23.75, 23.5, 24.5, 24.0, 24.5, 24.0, 24.5, 24.25, 24.25, 23.75, 23.75, 24.0, 24.75, 23.75, 23.75, 23.5, 23.75, 24.0, 24.0, 24.25, 24.0, 25.0, 24.25, 24.25, 24.0, 24.0, 24.25, 24.0, 24.75, 24.5, 24.25, 24.5, 24.5, 24.0, 24.0, 24.5, 24.75, 24.25, 24.75, 25.25, 25.0, 24.5, 25.0, 25.0, 25.0, 25.75, 25.5, 25.25, 25.5, 25.5, 26.0, 25.25, 26.25]"
1521010629.861457 "[24.25, 23.25, 24.25, 24.0, 23.75, 23.5, 23.75, 24.75, 23.25, 23.75, 24.0, 23.75, 23.5, 24.5, 24.0, 24.5, 24.0, 24.5, 24.25, 24.25, 23.75, 23.75, 24.0, 24.5, 23.75, 24.25, 23.75, 24.0, 24.25, 24.25, 24.25, 24.0, 24.5, 24.75, 24.25, 24.25, 24.0, 24.5, 24.25, 25.0, 24.75, 24.5, 24.75, 24.5, 24.25, 24.25, 24.25, 24.75, 25.0, 25.0, 25.0, 25.0, 24.5, 25.25, 24.75, 26.0, 25.25, 25.75, 25.0, 25.0, 25.25, 25.75, 25.5, 26.0]"
1521010629.902748 "[24.25, 24.25, 24.25, 24.25, 24.0, 23.75, 24.25, 24.25, 23.75, 23.75, 23.75, 24.0, 23.5, 24.0, 24.25, 23.5, 24.25, 23.75, 24.25, 24.25, 24.0, 23.75, 24.0, 24.5, 23.75, 24.25, 23.75, 24.0, 24.25, 24.25, 24.25, 24.0, 24.5, 24.75, 24.25, 24.25, 24.0, 24.5, 24.25, 25.0, 24.75, 24.5, 24.75, 24.5, 24.25, 24.25, 24.25, 24.75, 25.0, 25.0, 25.0, 25.0, 24.5, 25.25, 24.75, 26.0, 25.25, 25.75, 25.0, 25.0, 25.25, 25.75, 25.5, 26.0]"
1521010629.943695 "[24.25, 24.25, 24.25, 24.25, 24.0, 23.75, 24.25, 24.25, 23.75, 23.75, 23.75, 24.0, 23.5, 24.0, 24.25, 23.5, 24.25, 23.75, 24.25, 24.25, 24.0, 23.75, 24.0, 24.5, 23.75, 24.25, 23.75, 24.0, 24.25, 24.25, 24.25, 24.0, 24.5, 24.75, 24.25, 24.25, 24.0, 24.5, 24.25, 25.0, 24.75, 24.5, 24.75, 24.5, 24.25, 24.25, 24.25, 24.75, 25.0, 25.0, 25.0, 25.0, 24.5, 25.25, 24.75, 26.0, 25.25, 25.25, 25.0, 25.0, 25.25, 25.75, 25.75, 25.75]"
1521010629.984092 "[23.75, 23.5, 24.25, 24.0, 23.5, 23.75, 24.25, 24.5, 23.75, 24.25, 23.25, 23.75, 23.5, 24.0, 23.75, 24.0, 24.25, 23.75, 24.25, 23.75, 24.25, 24.0, 24.0, 24.5, 24.5, 24.0, 24.25, 23.75, 24.5, 24.75, 24.25, 24.25, 24.25, 24.5, 24.5, 24.25, 24.25, 24.25, 24.0, 25.0, 24.5, 24.25, 24.75, 24.75, 24.25, 24.0, 24.75, 24.75, 24.0, 24.25, 25.5, 25.0, 24.5, 25.0, 24.75, 26.0, 25.25, 25.25, 25.0, 25.0, 25.25, 25.75, 25.75, 25.75]"
1521010630.024922 "[23.75, 23.5, 24.25, 24.0, 23.5, 23.75, 24.25, 24.5, 23.75, 24.25, 23.25, 23.75, 23.5, 24.0, 23.75, 24.0, 24.25, 23.75, 24.25, 23.75, 24.25, 24.0, 24.0, 24.5, 24.5, 24.0, 24.25, 23.75, 24.5, 24.75, 24.25, 24.25, 24.25, 24.5, 24.5, 24.25, 24.25, 24.25, 24.0, 25.0, 24.5, 24.25, 24.75, 24.75, 24.25, 24.0, 24.75, 24.75, 24.0, 24.25, 25.5, 25.0, 24.5, 25.0, 24.75, 26.0, 25.25, 25.25, 25.0, 25.0, 25.25, 25.75, 25.75, 25.75]"
1521010630.066205 "[23.75, 23.5, 24.25, 24.0, 23.5, 23.75, 24.25, 24.5, 23.75, 24.25, 23.25, 23.75, 23.5, 24.0, 23.75, 24.0, 24.25, 23.75, 24.25, 23.75, 24.25, 24.0, 24.0, 24.5, 24.5, 24.0, 24.25, 24.0, 24.0, 24.0, 24.25, 24.25, 24.25, 24.25, 24.25, 24.5, 24.0, 24.0, 24.0, 24.75, 24.25, 24.25, 24.75, 24.0, 24.0, 24.0, 24.75, 24.25, 25.0, 24.75, 24.75, 24.75, 24.5, 25.0, 24.25, 25.25, 25.5, 26.0, 25.25, 25.25, 25.25, 25.25, 25.25, 26.0]"
1521010630.1231 "[23.5, 23.5, 24.0, 23.5, 23.75, 23.5, 24.25, 24.0, 23.5, 23.75, 23.75, 23.75, 23.5, 23.75, 23.75, 24.25, 24.75, 24.0, 24.0, 24.5, 24.0, 23.75, 24.0, 24.75, 24.25, 23.75, 24.0, 24.0, 24.0, 24.0, 24.25, 24.25, 24.25, 24.25, 24.25, 24.5, 24.0, 24.0, 24.0, 24.75, 24.25, 24.25, 24.75, 24.0, 24.0, 24.0, 24.75, 24.25, 25.0, 24.75, 24.75, 24.75, 24.5, 25.0, 24.25, 25.25, 25.5, 26.0, 25.25, 25.25, 25.25, 25.25, 25.25, 26.0]"
1521010630.198997 "[23.5, 23.5, 24.0, 23.5, 23.75, 23.5, 24.25, 24.0, 23.5, 23.75, 23.75, 23.75, 23.5, 23.75, 24.25, 24.0, 24.5, 24.0, 24.0, 24.25, 24.0, 23.75, 23.75, 24.5, 24.5, 24.0, 24.25, 24.0, 24.0, 24.0, 24.0, 24.0, 24.0, 24.75, 24.25, 24.5, 24.0, 24.0, 24.25, 25.0, 24.5, 24.25, 24.75, 24.25, 24.5, 24.0, 24.5, 24.5, 25.0, 24.5, 25.25, 25.25, 24.75, 24.75, 25.25, 25.25, 25.5, 25.5, 25.5, 25.25, 25.5, 25.75, 25.75, 26.0]"
1521010630.247386 "[24.0, 24.25, 24.25, 24.25, 24.0, 23.75, 24.25, 24.5, 23.75, 23.75, 24.25, 23.75, 23.75, 24.0, 24.25, 24.0, 24.5, 24.0, 24.0, 24.25, 24.0, 23.75, 23.75, 24.5, 24.5, 24.0, 24.25, 24.0, 24.0, 24.0, 24.0, 24.0, 24.0, 24.75, 24.25, 24.5, 24.0, 24.0, 24.25, 25.0, 24.5, 24.25, 24.75, 24.25, 24.5, 24.0, 24.5, 24.5, 25.0, 24.5, 25.25, 25.25, 24.75, 24.75, 25.25, 25.25, 25.5, 25.5, 25.5, 25.25, 25.5, 25.75, 25.75, 26.0]"
1521010630.288905 "[24.0, 24.25, 24.25, 24.0, 24.0, 23.5, 24.25, 24.5, 23.75, 24.0, 24.0, 24.25, 23.0, 24.25, 24.0, 24.5, 24.75, 24.75, 24.25, 24.5, 24.0, 24.0, 23.5, 24.5, 24.5, 24.0, 24.25, 24.0, 24.5, 24.25, 24.25, 24.0, 25.25, 24.25, 24.5, 24.5, 24.0, 24.5, 24.5, 25.25, 24.75, 24.5, 24.75, 24.75, 24.5, 24.5, 24.75, 24.25, 24.75, 24.5, 25.0, 24.75, 24.75, 25.0, 24.5, 25.25, 25.75, 26.0, 25.5, 25.75, 25.75, 25.25, 25.25, 25.75]"
1521010630.329575 "[24.0, 23.5, 24.25, 24.0, 24.0, 23.5, 24.25, 24.5, 23.75, 24.0, 24.0, 24.25, 23.0, 24.25, 24.0, 24.5, 24.75, 24.75, 24.25, 24.5, 24.0, 24.0, 23.5, 24.5, 24.5, 24.0, 24.25, 24.0, 24.5, 24.25, 24.25, 24.0, 25.25, 24.25, 24.5, 24.5, 24.0, 24.5, 24.5, 25.25, 24.75, 24.5, 24.75, 24.75, 24.5, 24.5, 24.75, 24.25, 24.75, 24.5, 25.0, 24.75, 24.75, 25.0, 24.5, 25.25, 25.75, 26.0, 25.5, 25.75, 25.75, 25.25, 25.25, 25.75]"
1521010630.370593 "[24.0, 23.5, 24.25, 24.0, 24.0, 23.5, 24.25, 24.5, 23.75, 24.0, 24.0, 24.25, 23.0, 24.25, 24.0, 24.5, 24.75, 24.75, 24.25, 24.5, 24.0, 24.0, 23.5, 24.5, 24.5, 24.0, 24.25, 24.0, 24.5, 24.25, 24.25, 24.0, 25.25, 24.25, 24.5, 24.5, 24.0, 24.25, 24.75, 25.25, 25.0, 24.5, 25.0, 24.5, 24.5, 24.25, 25.0, 25.0, 25.25, 25.25, 24.75, 24.5, 25.0, 24.75, 25.0, 25.5, 26.25, 25.5, 25.5, 25.5, 26.0, 25.5, 25.5, 26.0]"
1521010630.412743 "[24.0, 24.0, 24.0, 24.5, 24.0, 23.75, 24.5, 24.0, 23.75, 23.5, 24.25, 24.25, 23.5, 24.5, 24.25, 24.0, 24.25, 24.5, 24.5, 24.0, 23.75, 24.0, 23.5, 24.5, 24.5, 24.25, 24.0, 24.0, 24.5, 24.5, 24.5, 24.5, 24.75, 24.5, 24.75, 24.0, 24.25, 24.25, 24.75, 25.25, 25.0, 24.5, 25.0, 24.5, 24.5, 24.25, 25.0, 25.0, 25.25, 25.25, 24.75, 24.5, 25.0, 24.75, 25.0, 25.5, 26.25, 25.5, 25.5, 25.5, 26.0, 25.5, 25.5, 26.0]"
1521010630.452663 "[24.0, 24.0, 24.0, 24.5, 24.0, 23.75, 24.5, 24.0, 23.75, 23.5, 24.25, 24.25, 23.5, 24.5, 24.25, 24.0, 24.25, 24.5, 24.5, 24.0, 23.75, 24.0, 23.5, 24.5, 24.5, 24.25, 24.0, 24.0, 24.5, 24.5, 24.5, 24.5, 24.75, 24.5, 24.75, 24.0, 24.25, 24.25, 24.75, 25.25, 25.0, 24.5, 25.0, 24.5, 24.5, 24.25, 25.0, 25.0, 25.25, 25.25, 24.75, 24.5, 25.0, 24.75, 25.0, 25.5, 26.25, 25.5, 25.5, 25.5, 26.0, 25.5, 25.5, 26.0]"
1521010630.494193 "[24.0, 24.0, 24.0, 24.5, 24.0, 23.75, 23.75, 24.25, 24.0, 23.5, 24.25, 23.75, 23.75, 24.25, 24.0, 24.25, 24.0, 23.75, 24.25, 24.5, 24.0, 24.0, 24.0, 24.75, 24.0, 24.25, 24.0, 24.0, 24.25, 24.0, 24.5, 24.75, 24.75, 24.25, 24.5, 24.25, 24.25, 24.5, 24.25, 24.75, 24.75, 24.5, 25.0, 24.5, 24.75, 24.0, 25.0, 25.5, 25.0, 25.0, 25.0, 25.0, 24.75, 24.75, 25.0, 25.25, 25.5, 25.5, 25.5, 25.75, 25.75, 25.75, 25.25, 26.0]"
1521010630.535884 "[23.75, 23.5, 24.0, 24.0, 24.25, 23.75, 23.75, 24.25, 24.0, 23.5, 24.25, 23.75, 23.75, 24.25, 24.0, 24.25, 24.0, 23.75, 24.25, 24.5, 24.0, 24.0, 24.0, 24.75, 24.0, 24.25, 24.0, 24.0, 24.25, 24.0, 24.5, 24.75, 24.75, 24.25, 24.5, 24.25, 24.25, 24.5, 24.25, 24.75, 24.75, 24.5, 25.0, 24.5, 24.75, 24.0, 25.0, 25.5, 25.0, 25.0, 25.0, 25.0, 24.75, 24.75, 25.0, 25.25, 25.5, 25.5, 25.5, 25.75, 25.75, 25.75, 25.25, 26.0]"
1521010630.575759 "[23.75, 23.5, 24.0, 24.0, 24.25, 23.75, 23.75, 24.25, 24.0, 23.5, 24.25, 23.75, 23.75, 24.25, 24.0, 24.25, 24.0, 23.75, 24.25, 24.5, 24.0, 24.0, 24.0, 24.75, 24.0, 24.25, 24.0, 24.0, 24.25, 24.0, 24.5, 24.75, 24.75, 24.25, 24.5, 24.25, 24.25, 24.5, 24.25, 24.75, 25.0, 24.5, 24.75, 24.5, 24.25, 24.25, 24.75, 24.5, 24.5, 24.25, 24.75, 25.5, 24.25, 24.25, 24.5, 25.25, 25.0, 25.5, 25.75, 25.5, 25.5, 25.5, 25.0, 25.5]"
1521010630.616771 "[23.75, 24.0, 24.0, 24.0, 24.0, 23.5, 24.75, 24.75, 23.25, 23.75, 23.75, 24.0, 23.5, 24.0, 24.25, 23.75, 24.5, 24.25, 24.5, 24.0, 23.75, 24.0, 23.5, 24.25, 24.5, 24.0, 23.75, 23.75, 24.25, 24.25, 24.0, 24.5, 24.75, 24.25, 23.75, 24.5, 23.75, 23.75, 24.25, 24.75, 25.0, 24.5, 24.75, 24.5, 24.25, 24.25, 24.75, 24.5, 24.5, 24.25, 24.75, 25.5, 24.25, 24.25, 24.5, 25.25, 25.0, 25.5, 25.75, 25.5, 25.5, 25.5, 25.0, 25.5]"
1521010630.65871 "[23.75, 24.0, 24.0, 24.0, 24.0, 23.5, 24.75, 24.75, 23.25, 23.75, 23.75, 24.0, 23.5, 24.0, 24.25, 23.75, 24.5, 24.25, 24.5, 24.0, 23.75, 24.0, 23.5, 24.25, 24.5, 24.0, 23.75, 23.75, 24.25, 24.25, 24.0, 24.5, 24.75, 24.25, 23.75, 24.5, 23.75, 23.75, 24.25, 24.75, 25.0, 24.5, 24.75, 24.5, 24.25, 24.25, 24.75, 24.5, 24.5, 24.25, 24.75, 25.5, 24.25, 24.25, 24.5, 25.25, 25.0, 25.5, 25.75, 25.5, 25.5, 25.5, 25.0, 25.5]"
1521010630.698608 "[23.75, 24.0, 24.0, 24.0, 24.0, 23.5, 24.75, 24.5, 23.75, 23.75, 24.25, 23.75, 23.75, 24.25, 24.25, 24.25, 24.5, 24.25, 24.0, 24.5, 24.25, 24.25, 24.25, 24.0, 24.25, 24.0, 24.0, 24.0, 24.25, 24.25, 24.25, 24.5, 24.75, 24.75, 24.5, 24.5, 24.0, 24.25, 24.75, 25.25, 25.25, 24.25, 24.5, 24.75, 24.5, 24.25, 24.75, 24.5, 25.25, 24.75, 25.25, 24.75, 24.75, 24.5, 24.5, 25.25, 25.5, 25.5, 25.75, 25.25, 25.75, 25.5, 25.75, 26.0]"
1521010630.73978 "[23.75, 24.0, 23.5, 24.25, 23.75, 24.0, 23.75, 24.5, 23.75, 23.75, 24.25, 23.75, 23.75, 24.25, 24.25, 24.25, 24.5, 24.25, 24.0, 24.5, 24.25, 24.25, 24.25, 24.0, 24.25, 24.0, 24.0, 24.0, 24.25, 24.25, 24.25, 24.5, 24.75, 24.75, 24.5, 24.5, 24.0, 24.25, 24.75, 25.25, 25.25, 24.25, 24.5, 24.75, 24.5, 24.25, 24.75, 24.5, 25.25, 24.75, 25.25, 24.75, 24.75, 24.5, 24.5, 25.25, 25.5, 25.5, 25.75, 25.25, 25.75, 25.5, 25.75, 26.0]"
1521010630.781334 "[23.75, 24.0, 23.5, 24.25, 23.75, 24.0, 23.75, 24.5, 23.75, 23.75, 24.25, 23.75, 23.75, 24.25, 24.25, 24.25, 24.5, 24.25, 24.0, 24.5, 24.25, 24.25, 24.25, 24.0, 24.25, 24.0, 24.0, 24.0, 24.25, 24.25, 24.25, 24.5, 24.75, 24.75, 24.5, 24.5, 24.0, 24.25, 24.75, 25.25, 25.25, 24.25, 24.75, 24.5, 24.5, 24.75, 24.75, 25.0, 25.75, 24.75, 25.0, 25.0, 24.75, 24.75, 24.75, 25.0, 25.0, 25.5, 25.0, 25.25, 25.25, 25.75, 25.0, 26.0]"
1521010630.821984 "[23.75, 23.75, 24.25, 24.25, 24.5, 23.75, 24.25, 24.25, 23.75, 23.75, 24.25, 24.25, 23.5, 24.25, 24.75, 24.25, 24.5, 24.5, 24.5, 24.5, 24.25, 24.0, 24.0, 24.75, 24.25, 24.0, 24.25, 24.0, 24.5, 24.25, 24.25, 24.0, 24.75, 24.5, 24.75, 25.0, 24.5, 24.25, 24.25, 25.25, 24.75, 24.75, 24.75, 24.5, 24.5, 24.75, 24.75, 25.0, 25.75, 24.75, 25.0, 25.0, 24.75, 24.75, 24.75, 25.0, 25.0, 25.5, 25.0, 25.25, 25.25, 25.75, 25.0, 26.0]"
1521010630.863119 "[23.75, 23.75, 24.25, 24.25, 24.5, 23.75, 24.25, 24.25, 23.75, 23.75, 24.25, 24.25, 23.5, 24.25, 24.75, 24.25, 24.5, 24.5, 24.5, 24.5, 24.25, 24.0, 24.0, 24.75, 24.25, 24.0, 24.25, 24.0, 24.5, 24.25, 24.25, 24.0, 24.75, 24.5, 24.75, 25.0, 24.5, 24.25, 24.25, 25.25, 24.75, 24.75, 24.75, 24.5, 24.5, 24.75, 24.75, 25.0, 25.75, 24.75, 25.0, 25.0, 24.75, 24.75, 24.75, 25.0, 25.0, 25.5, 25.0, 25.25, 25.25, 25.75, 25.0, 26.0]"
1521010630.913967 "[23.75, 23.75, 24.25, 24.25, 24.5, 23.75, 24.25, 24.25, 23.75, 23.75, 24.25, 24.0, 23.5, 24.25, 24.25, 24.25, 24.5, 23.5, 24.75, 24.25, 24.25, 23.75, 23.75, 24.75, 24.25, 23.75, 24.25, 23.75, 24.25, 24.25, 24.5, 23.75, 24.75, 24.75, 25.0, 24.5, 24.25, 24.25, 24.25, 25.5, 24.25, 24.5, 24.5, 24.75, 24.5, 24.5, 25.25, 25.25, 25.25, 25.0, 25.25, 25.25, 25.0, 25.0, 24.75, 25.0, 26.25, 26.0, 26.0, 25.25, 25.5, 25.5, 25.5, 26.0]"
1521010630.995946 "[24.25, 24.5, 24.0, 24.0, 23.75, 23.75, 24.5, 24.5, 24.0, 24.0, 24.0, 24.0, 23.5, 24.25, 24.25, 24.25, 24.5, 23.5, 24.75, 24.25, 24.25, 23.75, 23.75, 24.75, 24.25, 23.75, 24.25, 23.75, 24.25, 24.25, 24.5, 23.75, 24.75, 24.75, 25.0, 24.5, 24.25, 24.25, 24.25, 25.5, 24.25, 24.5, 24.5, 24.75, 24.5, 24.5, 25.25, 24.75, 25.0, 24.75, 25.75, 24.75, 25.0, 25.0, 24.75, 25.5, 26.0, 26.0, 25.5, 25.25, 25.75, 25.75, 25.75, 26.5]"
1521010631.064212 "[23.75, 23.75, 24.25, 24.25, 24.0, 24.0, 24.5, 24.25, 24.0, 24.0, 24.0, 24.25, 23.75, 24.25, 24.25, 24.0, 24.75, 24.25, 24.5, 24.5, 24.25, 24.25, 24.0, 24.5, 24.25, 24.25, 24.0, 24.25, 24.5, 24.5, 24.5, 24.25, 25.0, 24.5, 24.75, 24.5, 24.0, 24.75, 24.0, 24.75, 25.0, 24.75, 24.75, 24.5, 24.25, 24.5, 25.25, 24.75, 25.0, 24.75, 25.75, 24.75, 25.0, 25.0, 24.75, 25.5, 26.0, 26.0, 25.5, 25.25, 25.75, 25.75, 25.75, 26.5]"
1521010631.13665 "[23.75, 23.75, 24.25, 24.25, 24.0, 24.0, 24.5, 24.25, 24.0, 24.0, 24.0, 23.75, 23.75, 24.0, 24.0, 24.0, 24.5, 24.0, 24.5, 24.25, 24.25, 24.25, 23.75, 24.5, 24.5, 24.25, 24.25, 24.0, 24.25, 24.25, 24.75, 24.25, 25.0, 24.75, 24.5, 24.5, 24.75, 24.25, 24.25, 25.0, 24.5, 24.75, 25.0, 25.0, 24.25, 24.5, 25.0, 24.75, 24.5, 25.25, 25.0, 25.0, 24.5, 24.75, 24.75, 25.25, 26.0, 25.25, 25.5, 25.5, 25.75, 25.75, 25.75, 26.25]"
1521010631.207473 "[24.0, 24.5, 24.5, 24.0, 24.25, 23.75, 24.5, 24.5, 24.25, 24.0, 24.0, 23.75, 23.75, 24.0, 24.0, 24.0, 24.5, 24.0, 24.5, 24.25, 24.25, 24.25, 23.75, 24.5, 24.5, 24.25, 24.25, 24.0, 24.25, 24.25, 24.75, 24.25, 25.0, 24.75, 24.5, 24.5, 24.75, 24.25, 24.5, 24.75, 24.75, 24.25, 24.5, 24.5, 24.25, 24.5, 24.75, 25.25, 25.0, 24.75, 25.25, 25.5, 25.0, 25.25, 24.5, 25.5, 25.75, 25.75, 26.0, 25.5, 26.0, 25.5, 26.0, 26.0]"
1521010631.274487 "[23.75, 24.25, 23.5, 24.25, 23.75, 23.75, 24.75, 24.5, 23.75, 23.75, 24.25, 24.25, 23.75, 24.5, 24.25, 24.0, 24.5, 24.5, 24.25, 24.25, 24.0, 23.75, 24.0, 24.75, 24.0, 24.25, 24.25, 24.0, 24.25, 24.25, 24.5, 24.25, 24.75, 24.75, 24.5, 24.75, 24.25, 24.5, 24.5, 24.75, 24.75, 24.25, 24.5, 24.5, 24.25, 24.5, 24.75, 25.25, 25.0, 24.75, 25.25, 25.5, 25.0, 25.25, 24.5, 25.5, 25.75, 25.75, 26.0, 25.5, 26.0, 25.5, 26.0, 26.0]"
1521010631.345999 "[23.75, 24.25, 23.5, 24.25, 23.75, 23.75, 24.75, 24.5, 23.75, 24.0, 24.5, 24.5, 24.0, 24.5, 24.5, 24.25, 24.5, 24.5, 24.5, 24.25, 24.25, 24.25, 24.25, 24.5, 24.25, 24.25, 24.25, 24.25, 24.5, 24.75, 24.25, 24.5, 24.75, 24.5, 24.75, 24.5, 24.25, 25.0, 24.5, 24.75, 24.75, 24.75, 24.75, 24.75, 24.25, 24.25, 25.0, 25.0, 25.25, 24.5, 25.25, 24.75, 25.25, 25.0, 24.75, 25.25, 25.25, 25.0, 25.75, 25.75, 25.75, 25.25, 25.0, 25.75]"
1521010631.413385 "[24.0, 23.25, 24.25, 24.0, 24.5, 24.0, 24.25, 24.75, 24.0, 24.0, 24.5, 24.5, 24.0, 24.5, 24.5, 24.25, 24.5, 24.5, 24.5, 24.25, 24.25, 24.25, 24.25, 24.5, 24.25, 24.25, 24.25, 24.25, 24.5, 24.75, 24.25, 24.5, 24.75, 24.5, 24.75, 24.5, 24.25, 25.0, 24.5, 25.5, 25.5, 24.75, 24.5, 25.0, 24.5, 24.25, 25.0, 25.25, 24.75, 25.25, 25.0, 25.5, 25.25, 25.0, 24.5, 25.75, 25.5, 25.5, 25.5, 25.0, 25.5, 25.75, 25.75, 26.0]"
1521010631.48295 "[24.0, 24.0, 24.5, 24.25, 24.5, 24.0, 24.5, 24.75, 23.5, 23.75, 23.75, 24.0, 23.75, 24.5, 24.0, 24.25, 24.75, 24.5, 24.25, 24.25, 24.25, 23.75, 24.5, 24.75, 24.25, 24.5, 24.25, 23.75, 24.75, 24.5, 24.75, 24.25, 25.0, 24.5, 25.0, 24.5, 24.25, 24.0, 24.25, 25.5, 25.5, 24.75, 24.5, 25.0, 24.5, 24.25, 25.0, 25.25, 24.75, 25.25, 25.0, 25.5, 25.25, 25.0, 24.5, 25.75, 25.5, 25.5, 25.5, 25.0, 25.5, 25.75, 25.75, 26.0]"
1521010631.550377 "[24.0, 24.0, 24.5, 24.25, 24.5, 24.0, 24.5, 24.25, 23.75, 23.75, 24.0, 24.5, 23.5, 24.25, 24.25, 24.0, 24.75, 24.5, 24.25, 24.25, 24.5, 24.0, 24.0, 25.0, 24.75, 24.0, 24.0, 24.25, 24.5, 24.5, 24.5, 24.0, 24.75, 24.5, 24.5, 24.5, 24.25, 24.25, 24.5, 24.5, 24.5, 24.75, 24.5, 25.25, 24.5, 24.5, 24.75, 25.25, 25.0, 25.0, 25.25, 25.25, 25.0, 25.5, 25.0, 25.75, 25.5, 26.0, 25.25, 25.75, 25.75, 25.75, 26.0, 26.25]"
1521010631.618829 "[24.5, 23.5, 24.25, 24.5, 24.0, 23.5, 24.5, 24.25, 23.75, 23.75, 24.0, 24.5, 23.5, 24.25, 24.25, 24.0, 24.75, 24.5, 24.25, 24.25, 24.5, 24.0, 24.0, 25.0, 24.75, 24.0, 24.0, 24.25, 24.5, 24.5, 24.5, 24.0, 24.75, 24.5, 24.5, 24.5, 24.25, 24.25, 24.5, 24.5, 25.25, 24.5, 25.0, 24.5, 24.5, 24.5, 25.0, 25.0, 24.75, 25.25, 25.5, 25.5, 24.75, 25.0, 24.75, 25.5, 26.0, 25.75, 25.75, 25.5, 25.75, 25.5, 26.0, 26.25]"
